,file_name,ID,dir,Class,Gender,Emotion
0,03-01-01-01-01-01-01.wav,0,emotion_speech,02,0,calm
1,03-01-01-01-01-01-02.wav,1,emotion_speech,02,1,calm
2,03-01-01-01-01-01-03.wav,2,emotion_speech,02,0,calm
3,03-01-01-01-01-01-04.wav,3,emotion_speech,02,1,calm
4,03-01-01-01-01-01-05.wav,4,emotion_speech,02,0,calm
5,03-01-01-01-01-01-06.wav,5,emotion_speech,02,1,calm
6,03-01-01-01-01-01-07.wav,6,emotion_speech,02,0,calm
7,03-01-01-01-01-01-08.wav,7,emotion_speech,02,1,calm
8,03-01-01-01-01-01-09.wav,8,emotion_speech,02,0,calm
9,03-01-01-01-01-01-10.wav,9,emotion_speech,02,1,calm
10,03-01-01-01-01-01-11.wav,10,emotion_speech,02,0,calm
11,03-01-01-01-01-01-12.wav,11,emotion_speech,02,1,calm
12,03-01-01-01-01-01-13.wav,12,emotion_speech,02,0,calm
13,03-01-01-01-01-01-14.wav,13,emotion_speech,02,1,calm
14,03-01-01-01-01-01-15.wav,14,emotion_speech,02,0,calm
15,03-01-01-01-01-01-16.wav,15,emotion_speech,02,1,calm
16,03-01-01-01-01-01-17.wav,16,emotion_speech,02,0,calm
17,03-01-01-01-01-01-18.wav,17,emotion_speech,02,1,calm
18,03-01-01-01-01-01-19.wav,18,emotion_speech,02,0,calm
19,03-01-01-01-01-01-20.wav,19,emotion_speech,02,1,calm
20,03-01-01-01-01-01-21.wav,20,emotion_speech,02,0,calm
21,03-01-01-01-01-01-22.wav,21,emotion_speech,02,1,calm
22,03-01-01-01-01-01-23.wav,22,emotion_speech,02,0,calm
23,03-01-01-01-01-01-24.wav,23,emotion_speech,02,1,calm
24,03-01-01-01-01-02-01.wav,24,emotion_speech,02,0,calm
25,03-01-01-01-01-02-02.wav,25,emotion_speech,02,1,calm
26,03-01-01-01-01-02-03.wav,26,emotion_speech,02,0,calm
27,03-01-01-01-01-02-04.wav,27,emotion_speech,02,1,calm
28,03-01-01-01-01-02-05.wav,28,emotion_speech,02,0,calm
29,03-01-01-01-01-02-06.wav,29,emotion_speech,02,1,calm
30,03-01-01-01-01-02-07.wav,30,emotion_speech,02,0,calm
31,03-01-01-01-01-02-08.wav,31,emotion_speech,02,1,calm
32,03-01-01-01-01-02-09.wav,32,emotion_speech,02,0,calm
33,03-01-01-01-01-02-10.wav,33,emotion_speech,02,1,calm
34,03-01-01-01-01-02-11.wav,34,emotion_speech,02,0,calm
35,03-01-01-01-01-02-12.wav,35,emotion_speech,02,1,calm
36,03-01-01-01-01-02-13.wav,36,emotion_speech,02,0,calm
37,03-01-01-01-01-02-14.wav,37,emotion_speech,02,1,calm
38,03-01-01-01-01-02-15.wav,38,emotion_speech,02,0,calm
39,03-01-01-01-01-02-16.wav,39,emotion_speech,02,1,calm
40,03-01-01-01-01-02-17.wav,40,emotion_speech,02,0,calm
41,03-01-01-01-01-02-18.wav,41,emotion_speech,02,1,calm
42,03-01-01-01-01-02-19.wav,42,emotion_speech,02,0,calm
43,03-01-01-01-01-02-20.wav,43,emotion_speech,02,1,calm
44,03-01-01-01-01-02-21.wav,44,emotion_speech,02,0,calm
45,03-01-01-01-01-02-22.wav,45,emotion_speech,02,1,calm
46,03-01-01-01-01-02-23.wav,46,emotion_speech,02,0,calm
47,03-01-01-01-01-02-24.wav,47,emotion_speech,02,1,calm
48,03-01-01-01-02-01-01.wav,48,emotion_speech,02,0,calm
49,03-01-01-01-02-01-02.wav,49,emotion_speech,02,1,calm
50,03-01-01-01-02-01-03.wav,50,emotion_speech,02,0,calm
51,03-01-01-01-02-01-04.wav,51,emotion_speech,02,1,calm
52,03-01-01-01-02-01-05.wav,52,emotion_speech,02,0,calm
53,03-01-01-01-02-01-06.wav,53,emotion_speech,02,1,calm
54,03-01-01-01-02-01-07.wav,54,emotion_speech,02,0,calm
55,03-01-01-01-02-01-08.wav,55,emotion_speech,02,1,calm
56,03-01-01-01-02-01-09.wav,56,emotion_speech,02,0,calm
57,03-01-01-01-02-01-10.wav,57,emotion_speech,02,1,calm
58,03-01-01-01-02-01-11.wav,58,emotion_speech,02,0,calm
59,03-01-01-01-02-01-12.wav,59,emotion_speech,02,1,calm
60,03-01-01-01-02-01-13.wav,60,emotion_speech,02,0,calm
61,03-01-01-01-02-01-14.wav,61,emotion_speech,02,1,calm
62,03-01-01-01-02-01-15.wav,62,emotion_speech,02,0,calm
63,03-01-01-01-02-01-16.wav,63,emotion_speech,02,1,calm
64,03-01-01-01-02-01-17.wav,64,emotion_speech,02,0,calm
65,03-01-01-01-02-01-18.wav,65,emotion_speech,02,1,calm
66,03-01-01-01-02-01-19.wav,66,emotion_speech,02,0,calm
67,03-01-01-01-02-01-20.wav,67,emotion_speech,02,1,calm
68,03-01-01-01-02-01-21.wav,68,emotion_speech,02,0,calm
69,03-01-01-01-02-01-22.wav,69,emotion_speech,02,1,calm
70,03-01-01-01-02-01-23.wav,70,emotion_speech,02,0,calm
71,03-01-01-01-02-01-24.wav,71,emotion_speech,02,1,calm
72,03-01-01-01-02-02-01.wav,72,emotion_speech,02,0,calm
73,03-01-01-01-02-02-02.wav,73,emotion_speech,02,1,calm
74,03-01-01-01-02-02-03.wav,74,emotion_speech,02,0,calm
75,03-01-01-01-02-02-04.wav,75,emotion_speech,02,1,calm
76,03-01-01-01-02-02-05.wav,76,emotion_speech,02,0,calm
77,03-01-01-01-02-02-06.wav,77,emotion_speech,02,1,calm
78,03-01-01-01-02-02-07.wav,78,emotion_speech,02,0,calm
79,03-01-01-01-02-02-08.wav,79,emotion_speech,02,1,calm
80,03-01-01-01-02-02-09.wav,80,emotion_speech,02,0,calm
81,03-01-01-01-02-02-10.wav,81,emotion_speech,02,1,calm
82,03-01-01-01-02-02-11.wav,82,emotion_speech,02,0,calm
83,03-01-01-01-02-02-12.wav,83,emotion_speech,02,1,calm
84,03-01-01-01-02-02-13.wav,84,emotion_speech,02,0,calm
85,03-01-01-01-02-02-14.wav,85,emotion_speech,02,1,calm
86,03-01-01-01-02-02-15.wav,86,emotion_speech,02,0,calm
87,03-01-01-01-02-02-16.wav,87,emotion_speech,02,1,calm
88,03-01-01-01-02-02-17.wav,88,emotion_speech,02,0,calm
89,03-01-01-01-02-02-18.wav,89,emotion_speech,02,1,calm
90,03-01-01-01-02-02-19.wav,90,emotion_speech,02,0,calm
91,03-01-01-01-02-02-20.wav,91,emotion_speech,02,1,calm
92,03-01-01-01-02-02-21.wav,92,emotion_speech,02,0,calm
93,03-01-01-01-02-02-22.wav,93,emotion_speech,02,1,calm
94,03-01-01-01-02-02-23.wav,94,emotion_speech,02,0,calm
95,03-01-01-01-02-02-24.wav,95,emotion_speech,02,1,calm
96,03-01-02-01-01-01-01.wav,96,emotion_speech,02,0,calm
97,03-01-02-01-01-01-02.wav,97,emotion_speech,02,1,calm
98,03-01-02-01-01-01-03.wav,98,emotion_speech,02,0,calm
99,03-01-02-01-01-01-04.wav,99,emotion_speech,02,1,calm
100,03-01-02-01-01-01-05.wav,100,emotion_speech,02,0,calm
101,03-01-02-01-01-01-06.wav,101,emotion_speech,02,1,calm
102,03-01-02-01-01-01-07.wav,102,emotion_speech,02,0,calm
103,03-01-02-01-01-01-08.wav,103,emotion_speech,02,1,calm
104,03-01-02-01-01-01-09.wav,104,emotion_speech,02,0,calm
105,03-01-02-01-01-01-10.wav,105,emotion_speech,02,1,calm
106,03-01-02-01-01-01-11.wav,106,emotion_speech,02,0,calm
107,03-01-02-01-01-01-12.wav,107,emotion_speech,02,1,calm
108,03-01-02-01-01-01-13.wav,108,emotion_speech,02,0,calm
109,03-01-02-01-01-01-14.wav,109,emotion_speech,02,1,calm
110,03-01-02-01-01-01-15.wav,110,emotion_speech,02,0,calm
111,03-01-02-01-01-01-16.wav,111,emotion_speech,02,1,calm
112,03-01-02-01-01-01-17.wav,112,emotion_speech,02,0,calm
113,03-01-02-01-01-01-18.wav,113,emotion_speech,02,1,calm
114,03-01-02-01-01-01-19.wav,114,emotion_speech,02,0,calm
115,03-01-02-01-01-01-20.wav,115,emotion_speech,02,1,calm
116,03-01-02-01-01-01-21.wav,116,emotion_speech,02,0,calm
117,03-01-02-01-01-01-22.wav,117,emotion_speech,02,1,calm
118,03-01-02-01-01-01-23.wav,118,emotion_speech,02,0,calm
119,03-01-02-01-01-01-24.wav,119,emotion_speech,02,1,calm
120,03-01-02-01-01-02-01.wav,120,emotion_speech,02,0,calm
121,03-01-02-01-01-02-02.wav,121,emotion_speech,02,1,calm
122,03-01-02-01-01-02-03.wav,122,emotion_speech,02,0,calm
123,03-01-02-01-01-02-04.wav,123,emotion_speech,02,1,calm
124,03-01-02-01-01-02-05.wav,124,emotion_speech,02,0,calm
125,03-01-02-01-01-02-06.wav,125,emotion_speech,02,1,calm
126,03-01-02-01-01-02-07.wav,126,emotion_speech,02,0,calm
127,03-01-02-01-01-02-08.wav,127,emotion_speech,02,1,calm
128,03-01-02-01-01-02-09.wav,128,emotion_speech,02,0,calm
129,03-01-02-01-01-02-10.wav,129,emotion_speech,02,1,calm
130,03-01-02-01-01-02-11.wav,130,emotion_speech,02,0,calm
131,03-01-02-01-01-02-12.wav,131,emotion_speech,02,1,calm
132,03-01-02-01-01-02-13.wav,132,emotion_speech,02,0,calm
133,03-01-02-01-01-02-14.wav,133,emotion_speech,02,1,calm
134,03-01-02-01-01-02-15.wav,134,emotion_speech,02,0,calm
135,03-01-02-01-01-02-16.wav,135,emotion_speech,02,1,calm
136,03-01-02-01-01-02-17.wav,136,emotion_speech,02,0,calm
137,03-01-02-01-01-02-18.wav,137,emotion_speech,02,1,calm
138,03-01-02-01-01-02-19.wav,138,emotion_speech,02,0,calm
139,03-01-02-01-01-02-20.wav,139,emotion_speech,02,1,calm
140,03-01-02-01-01-02-21.wav,140,emotion_speech,02,0,calm
141,03-01-02-01-01-02-22.wav,141,emotion_speech,02,1,calm
142,03-01-02-01-01-02-23.wav,142,emotion_speech,02,0,calm
143,03-01-02-01-01-02-24.wav,143,emotion_speech,02,1,calm
144,03-01-02-01-02-01-01.wav,144,emotion_speech,02,0,calm
145,03-01-02-01-02-01-02.wav,145,emotion_speech,02,1,calm
146,03-01-02-01-02-01-03.wav,146,emotion_speech,02,0,calm
147,03-01-02-01-02-01-04.wav,147,emotion_speech,02,1,calm
148,03-01-02-01-02-01-05.wav,148,emotion_speech,02,0,calm
149,03-01-02-01-02-01-06.wav,149,emotion_speech,02,1,calm
150,03-01-02-01-02-01-07.wav,150,emotion_speech,02,0,calm
151,03-01-02-01-02-01-08.wav,151,emotion_speech,02,1,calm
152,03-01-02-01-02-01-09.wav,152,emotion_speech,02,0,calm
153,03-01-02-01-02-01-10.wav,153,emotion_speech,02,1,calm
154,03-01-02-01-02-01-11.wav,154,emotion_speech,02,0,calm
155,03-01-02-01-02-01-12.wav,155,emotion_speech,02,1,calm
156,03-01-02-01-02-01-13.wav,156,emotion_speech,02,0,calm
157,03-01-02-01-02-01-14.wav,157,emotion_speech,02,1,calm
158,03-01-02-01-02-01-15.wav,158,emotion_speech,02,0,calm
159,03-01-02-01-02-01-16.wav,159,emotion_speech,02,1,calm
160,03-01-02-01-02-01-17.wav,160,emotion_speech,02,0,calm
161,03-01-02-01-02-01-18.wav,161,emotion_speech,02,1,calm
162,03-01-02-01-02-01-19.wav,162,emotion_speech,02,0,calm
163,03-01-02-01-02-01-20.wav,163,emotion_speech,02,1,calm
164,03-01-02-01-02-01-21.wav,164,emotion_speech,02,0,calm
165,03-01-02-01-02-01-22.wav,165,emotion_speech,02,1,calm
166,03-01-02-01-02-01-23.wav,166,emotion_speech,02,0,calm
167,03-01-02-01-02-01-24.wav,167,emotion_speech,02,1,calm
168,03-01-02-01-02-02-01.wav,168,emotion_speech,02,0,calm
169,03-01-02-01-02-02-02.wav,169,emotion_speech,02,1,calm
170,03-01-02-01-02-02-03.wav,170,emotion_speech,02,0,calm
171,03-01-02-01-02-02-04.wav,171,emotion_speech,02,1,calm
172,03-01-02-01-02-02-05.wav,172,emotion_speech,02,0,calm
173,03-01-02-01-02-02-06.wav,173,emotion_speech,02,1,calm
174,03-01-02-01-02-02-07.wav,174,emotion_speech,02,0,calm
175,03-01-02-01-02-02-08.wav,175,emotion_speech,02,1,calm
176,03-01-02-01-02-02-09.wav,176,emotion_speech,02,0,calm
177,03-01-02-01-02-02-10.wav,177,emotion_speech,02,1,calm
178,03-01-02-01-02-02-11.wav,178,emotion_speech,02,0,calm
179,03-01-02-01-02-02-12.wav,179,emotion_speech,02,1,calm
180,03-01-02-01-02-02-13.wav,180,emotion_speech,02,0,calm
181,03-01-02-01-02-02-14.wav,181,emotion_speech,02,1,calm
182,03-01-02-01-02-02-15.wav,182,emotion_speech,02,0,calm
183,03-01-02-01-02-02-16.wav,183,emotion_speech,02,1,calm
184,03-01-02-01-02-02-17.wav,184,emotion_speech,02,0,calm
185,03-01-02-01-02-02-18.wav,185,emotion_speech,02,1,calm
186,03-01-02-01-02-02-19.wav,186,emotion_speech,02,0,calm
187,03-01-02-01-02-02-20.wav,187,emotion_speech,02,1,calm
188,03-01-02-01-02-02-21.wav,188,emotion_speech,02,0,calm
189,03-01-02-01-02-02-22.wav,189,emotion_speech,02,1,calm
190,03-01-02-01-02-02-23.wav,190,emotion_speech,02,0,calm
191,03-01-02-01-02-02-24.wav,191,emotion_speech,02,1,calm
192,03-01-02-02-01-01-01.wav,192,emotion_speech,02,0,calm
193,03-01-02-02-01-01-02.wav,193,emotion_speech,02,1,calm
194,03-01-02-02-01-01-03.wav,194,emotion_speech,02,0,calm
195,03-01-02-02-01-01-04.wav,195,emotion_speech,02,1,calm
196,03-01-02-02-01-01-05.wav,196,emotion_speech,02,0,calm
197,03-01-02-02-01-01-06.wav,197,emotion_speech,02,1,calm
198,03-01-02-02-01-01-07.wav,198,emotion_speech,02,0,calm
199,03-01-02-02-01-01-08.wav,199,emotion_speech,02,1,calm
200,03-01-02-02-01-01-09.wav,200,emotion_speech,02,0,calm
201,03-01-02-02-01-01-10.wav,201,emotion_speech,02,1,calm
202,03-01-02-02-01-01-11.wav,202,emotion_speech,02,0,calm
203,03-01-02-02-01-01-12.wav,203,emotion_speech,02,1,calm
204,03-01-02-02-01-01-13.wav,204,emotion_speech,02,0,calm
205,03-01-02-02-01-01-14.wav,205,emotion_speech,02,1,calm
206,03-01-02-02-01-01-15.wav,206,emotion_speech,02,0,calm
207,03-01-02-02-01-01-16.wav,207,emotion_speech,02,1,calm
208,03-01-02-02-01-01-17.wav,208,emotion_speech,02,0,calm
209,03-01-02-02-01-01-18.wav,209,emotion_speech,02,1,calm
210,03-01-02-02-01-01-19.wav,210,emotion_speech,02,0,calm
211,03-01-02-02-01-01-20.wav,211,emotion_speech,02,1,calm
212,03-01-02-02-01-01-21.wav,212,emotion_speech,02,0,calm
213,03-01-02-02-01-01-22.wav,213,emotion_speech,02,1,calm
214,03-01-02-02-01-01-23.wav,214,emotion_speech,02,0,calm
215,03-01-02-02-01-01-24.wav,215,emotion_speech,02,1,calm
216,03-01-02-02-01-02-01.wav,216,emotion_speech,02,0,calm
217,03-01-02-02-01-02-02.wav,217,emotion_speech,02,1,calm
218,03-01-02-02-01-02-03.wav,218,emotion_speech,02,0,calm
219,03-01-02-02-01-02-04.wav,219,emotion_speech,02,1,calm
220,03-01-02-02-01-02-05.wav,220,emotion_speech,02,0,calm
221,03-01-02-02-01-02-06.wav,221,emotion_speech,02,1,calm
222,03-01-02-02-01-02-07.wav,222,emotion_speech,02,0,calm
223,03-01-02-02-01-02-08.wav,223,emotion_speech,02,1,calm
224,03-01-02-02-01-02-09.wav,224,emotion_speech,02,0,calm
225,03-01-02-02-01-02-10.wav,225,emotion_speech,02,1,calm
226,03-01-02-02-01-02-11.wav,226,emotion_speech,02,0,calm
227,03-01-02-02-01-02-12.wav,227,emotion_speech,02,1,calm
228,03-01-02-02-01-02-13.wav,228,emotion_speech,02,0,calm
229,03-01-02-02-01-02-14.wav,229,emotion_speech,02,1,calm
230,03-01-02-02-01-02-15.wav,230,emotion_speech,02,0,calm
231,03-01-02-02-01-02-16.wav,231,emotion_speech,02,1,calm
232,03-01-02-02-01-02-17.wav,232,emotion_speech,02,0,calm
233,03-01-02-02-01-02-18.wav,233,emotion_speech,02,1,calm
234,03-01-02-02-01-02-19.wav,234,emotion_speech,02,0,calm
235,03-01-02-02-01-02-20.wav,235,emotion_speech,02,1,calm
236,03-01-02-02-01-02-21.wav,236,emotion_speech,02,0,calm
237,03-01-02-02-01-02-22.wav,237,emotion_speech,02,1,calm
238,03-01-02-02-01-02-23.wav,238,emotion_speech,02,0,calm
239,03-01-02-02-01-02-24.wav,239,emotion_speech,02,1,calm
240,03-01-02-02-02-01-01.wav,240,emotion_speech,02,0,calm
241,03-01-02-02-02-01-02.wav,241,emotion_speech,02,1,calm
242,03-01-02-02-02-01-03.wav,242,emotion_speech,02,0,calm
243,03-01-02-02-02-01-04.wav,243,emotion_speech,02,1,calm
244,03-01-02-02-02-01-05.wav,244,emotion_speech,02,0,calm
245,03-01-02-02-02-01-06.wav,245,emotion_speech,02,1,calm
246,03-01-02-02-02-01-07.wav,246,emotion_speech,02,0,calm
247,03-01-02-02-02-01-08.wav,247,emotion_speech,02,1,calm
248,03-01-02-02-02-01-09.wav,248,emotion_speech,02,0,calm
249,03-01-02-02-02-01-10.wav,249,emotion_speech,02,1,calm
250,03-01-02-02-02-01-11.wav,250,emotion_speech,02,0,calm
251,03-01-02-02-02-01-12.wav,251,emotion_speech,02,1,calm
252,03-01-02-02-02-01-13.wav,252,emotion_speech,02,0,calm
253,03-01-02-02-02-01-14.wav,253,emotion_speech,02,1,calm
254,03-01-02-02-02-01-15.wav,254,emotion_speech,02,0,calm
255,03-01-02-02-02-01-16.wav,255,emotion_speech,02,1,calm
256,03-01-02-02-02-01-17.wav,256,emotion_speech,02,0,calm
257,03-01-02-02-02-01-18.wav,257,emotion_speech,02,1,calm
258,03-01-02-02-02-01-19.wav,258,emotion_speech,02,0,calm
259,03-01-02-02-02-01-20.wav,259,emotion_speech,02,1,calm
260,03-01-02-02-02-01-21.wav,260,emotion_speech,02,0,calm
261,03-01-02-02-02-01-22.wav,261,emotion_speech,02,1,calm
262,03-01-02-02-02-01-23.wav,262,emotion_speech,02,0,calm
263,03-01-02-02-02-01-24.wav,263,emotion_speech,02,1,calm
264,03-01-02-02-02-02-01.wav,264,emotion_speech,02,0,calm
265,03-01-02-02-02-02-02.wav,265,emotion_speech,02,1,calm
266,03-01-02-02-02-02-03.wav,266,emotion_speech,02,0,calm
267,03-01-02-02-02-02-04.wav,267,emotion_speech,02,1,calm
268,03-01-02-02-02-02-05.wav,268,emotion_speech,02,0,calm
269,03-01-02-02-02-02-06.wav,269,emotion_speech,02,1,calm
270,03-01-02-02-02-02-07.wav,270,emotion_speech,02,0,calm
271,03-01-02-02-02-02-08.wav,271,emotion_speech,02,1,calm
272,03-01-02-02-02-02-09.wav,272,emotion_speech,02,0,calm
273,03-01-02-02-02-02-10.wav,273,emotion_speech,02,1,calm
274,03-01-02-02-02-02-11.wav,274,emotion_speech,02,0,calm
275,03-01-02-02-02-02-12.wav,275,emotion_speech,02,1,calm
276,03-01-02-02-02-02-13.wav,276,emotion_speech,02,0,calm
277,03-01-02-02-02-02-14.wav,277,emotion_speech,02,1,calm
278,03-01-02-02-02-02-15.wav,278,emotion_speech,02,0,calm
279,03-01-02-02-02-02-16.wav,279,emotion_speech,02,1,calm
280,03-01-02-02-02-02-17.wav,280,emotion_speech,02,0,calm
281,03-01-02-02-02-02-18.wav,281,emotion_speech,02,1,calm
282,03-01-02-02-02-02-19.wav,282,emotion_speech,02,0,calm
283,03-01-02-02-02-02-20.wav,283,emotion_speech,02,1,calm
284,03-01-02-02-02-02-21.wav,284,emotion_speech,02,0,calm
285,03-01-02-02-02-02-22.wav,285,emotion_speech,02,1,calm
286,03-01-02-02-02-02-23.wav,286,emotion_speech,02,0,calm
287,03-01-02-02-02-02-24.wav,287,emotion_speech,02,1,calm
288,03-01-03-01-01-01-01.wav,288,emotion_speech,03,0,happy
289,03-01-03-01-01-01-02.wav,289,emotion_speech,03,1,happy
290,03-01-03-01-01-01-03.wav,290,emotion_speech,03,0,happy
291,03-01-03-01-01-01-04.wav,291,emotion_speech,03,1,happy
292,03-01-03-01-01-01-05.wav,292,emotion_speech,03,0,happy
293,03-01-03-01-01-01-06.wav,293,emotion_speech,03,1,happy
294,03-01-03-01-01-01-07.wav,294,emotion_speech,03,0,happy
295,03-01-03-01-01-01-08.wav,295,emotion_speech,03,1,happy
296,03-01-03-01-01-01-09.wav,296,emotion_speech,03,0,happy
297,03-01-03-01-01-01-10.wav,297,emotion_speech,03,1,happy
298,03-01-03-01-01-01-11.wav,298,emotion_speech,03,0,happy
299,03-01-03-01-01-01-12.wav,299,emotion_speech,03,1,happy
300,03-01-03-01-01-01-13.wav,300,emotion_speech,03,0,happy
301,03-01-03-01-01-01-14.wav,301,emotion_speech,03,1,happy
302,03-01-03-01-01-01-15.wav,302,emotion_speech,03,0,happy
303,03-01-03-01-01-01-16.wav,303,emotion_speech,03,1,happy
304,03-01-03-01-01-01-17.wav,304,emotion_speech,03,0,happy
305,03-01-03-01-01-01-18.wav,305,emotion_speech,03,1,happy
306,03-01-03-01-01-01-19.wav,306,emotion_speech,03,0,happy
307,03-01-03-01-01-01-20.wav,307,emotion_speech,03,1,happy
308,03-01-03-01-01-01-21.wav,308,emotion_speech,03,0,happy
309,03-01-03-01-01-01-22.wav,309,emotion_speech,03,1,happy
310,03-01-03-01-01-01-23.wav,310,emotion_speech,03,0,happy
311,03-01-03-01-01-01-24.wav,311,emotion_speech,03,1,happy
312,03-01-03-01-01-02-01.wav,312,emotion_speech,03,0,happy
313,03-01-03-01-01-02-02.wav,313,emotion_speech,03,1,happy
314,03-01-03-01-01-02-03.wav,314,emotion_speech,03,0,happy
315,03-01-03-01-01-02-04.wav,315,emotion_speech,03,1,happy
316,03-01-03-01-01-02-05.wav,316,emotion_speech,03,0,happy
317,03-01-03-01-01-02-06.wav,317,emotion_speech,03,1,happy
318,03-01-03-01-01-02-07.wav,318,emotion_speech,03,0,happy
319,03-01-03-01-01-02-08.wav,319,emotion_speech,03,1,happy
320,03-01-03-01-01-02-09.wav,320,emotion_speech,03,0,happy
321,03-01-03-01-01-02-10.wav,321,emotion_speech,03,1,happy
322,03-01-03-01-01-02-11.wav,322,emotion_speech,03,0,happy
323,03-01-03-01-01-02-12.wav,323,emotion_speech,03,1,happy
324,03-01-03-01-01-02-13.wav,324,emotion_speech,03,0,happy
325,03-01-03-01-01-02-14.wav,325,emotion_speech,03,1,happy
326,03-01-03-01-01-02-15.wav,326,emotion_speech,03,0,happy
327,03-01-03-01-01-02-16.wav,327,emotion_speech,03,1,happy
328,03-01-03-01-01-02-17.wav,328,emotion_speech,03,0,happy
329,03-01-03-01-01-02-18.wav,329,emotion_speech,03,1,happy
330,03-01-03-01-01-02-19.wav,330,emotion_speech,03,0,happy
331,03-01-03-01-01-02-20.wav,331,emotion_speech,03,1,happy
332,03-01-03-01-01-02-21.wav,332,emotion_speech,03,0,happy
333,03-01-03-01-01-02-22.wav,333,emotion_speech,03,1,happy
334,03-01-03-01-01-02-23.wav,334,emotion_speech,03,0,happy
335,03-01-03-01-01-02-24.wav,335,emotion_speech,03,1,happy
336,03-01-03-01-02-01-01.wav,336,emotion_speech,03,0,happy
337,03-01-03-01-02-01-02.wav,337,emotion_speech,03,1,happy
338,03-01-03-01-02-01-03.wav,338,emotion_speech,03,0,happy
339,03-01-03-01-02-01-04.wav,339,emotion_speech,03,1,happy
340,03-01-03-01-02-01-05.wav,340,emotion_speech,03,0,happy
341,03-01-03-01-02-01-06.wav,341,emotion_speech,03,1,happy
342,03-01-03-01-02-01-07.wav,342,emotion_speech,03,0,happy
343,03-01-03-01-02-01-08.wav,343,emotion_speech,03,1,happy
344,03-01-03-01-02-01-09.wav,344,emotion_speech,03,0,happy
345,03-01-03-01-02-01-10.wav,345,emotion_speech,03,1,happy
346,03-01-03-01-02-01-11.wav,346,emotion_speech,03,0,happy
347,03-01-03-01-02-01-12.wav,347,emotion_speech,03,1,happy
348,03-01-03-01-02-01-13.wav,348,emotion_speech,03,0,happy
349,03-01-03-01-02-01-14.wav,349,emotion_speech,03,1,happy
350,03-01-03-01-02-01-15.wav,350,emotion_speech,03,0,happy
351,03-01-03-01-02-01-16.wav,351,emotion_speech,03,1,happy
352,03-01-03-01-02-01-17.wav,352,emotion_speech,03,0,happy
353,03-01-03-01-02-01-18.wav,353,emotion_speech,03,1,happy
354,03-01-03-01-02-01-19.wav,354,emotion_speech,03,0,happy
355,03-01-03-01-02-01-20.wav,355,emotion_speech,03,1,happy
356,03-01-03-01-02-01-21.wav,356,emotion_speech,03,0,happy
357,03-01-03-01-02-01-22.wav,357,emotion_speech,03,1,happy
358,03-01-03-01-02-01-23.wav,358,emotion_speech,03,0,happy
359,03-01-03-01-02-01-24.wav,359,emotion_speech,03,1,happy
360,03-01-03-01-02-02-01.wav,360,emotion_speech,03,0,happy
361,03-01-03-01-02-02-02.wav,361,emotion_speech,03,1,happy
362,03-01-03-01-02-02-03.wav,362,emotion_speech,03,0,happy
363,03-01-03-01-02-02-04.wav,363,emotion_speech,03,1,happy
364,03-01-03-01-02-02-05.wav,364,emotion_speech,03,0,happy
365,03-01-03-01-02-02-06.wav,365,emotion_speech,03,1,happy
366,03-01-03-01-02-02-07.wav,366,emotion_speech,03,0,happy
367,03-01-03-01-02-02-08.wav,367,emotion_speech,03,1,happy
368,03-01-03-01-02-02-09.wav,368,emotion_speech,03,0,happy
369,03-01-03-01-02-02-10.wav,369,emotion_speech,03,1,happy
370,03-01-03-01-02-02-11.wav,370,emotion_speech,03,0,happy
371,03-01-03-01-02-02-12.wav,371,emotion_speech,03,1,happy
372,03-01-03-01-02-02-13.wav,372,emotion_speech,03,0,happy
373,03-01-03-01-02-02-14.wav,373,emotion_speech,03,1,happy
374,03-01-03-01-02-02-15.wav,374,emotion_speech,03,0,happy
375,03-01-03-01-02-02-16.wav,375,emotion_speech,03,1,happy
376,03-01-03-01-02-02-17.wav,376,emotion_speech,03,0,happy
377,03-01-03-01-02-02-18.wav,377,emotion_speech,03,1,happy
378,03-01-03-01-02-02-19.wav,378,emotion_speech,03,0,happy
379,03-01-03-01-02-02-20.wav,379,emotion_speech,03,1,happy
380,03-01-03-01-02-02-21.wav,380,emotion_speech,03,0,happy
381,03-01-03-01-02-02-22.wav,381,emotion_speech,03,1,happy
382,03-01-03-01-02-02-23.wav,382,emotion_speech,03,0,happy
383,03-01-03-01-02-02-24.wav,383,emotion_speech,03,1,happy
384,03-01-03-02-01-01-01.wav,384,emotion_speech,03,0,happy
385,03-01-03-02-01-01-02.wav,385,emotion_speech,03,1,happy
386,03-01-03-02-01-01-03.wav,386,emotion_speech,03,0,happy
387,03-01-03-02-01-01-04.wav,387,emotion_speech,03,1,happy
388,03-01-03-02-01-01-05.wav,388,emotion_speech,03,0,happy
389,03-01-03-02-01-01-06.wav,389,emotion_speech,03,1,happy
390,03-01-03-02-01-01-07.wav,390,emotion_speech,03,0,happy
391,03-01-03-02-01-01-08.wav,391,emotion_speech,03,1,happy
392,03-01-03-02-01-01-09.wav,392,emotion_speech,03,0,happy
393,03-01-03-02-01-01-10.wav,393,emotion_speech,03,1,happy
394,03-01-03-02-01-01-11.wav,394,emotion_speech,03,0,happy
395,03-01-03-02-01-01-12.wav,395,emotion_speech,03,1,happy
396,03-01-03-02-01-01-13.wav,396,emotion_speech,03,0,happy
397,03-01-03-02-01-01-14.wav,397,emotion_speech,03,1,happy
398,03-01-03-02-01-01-15.wav,398,emotion_speech,03,0,happy
399,03-01-03-02-01-01-16.wav,399,emotion_speech,03,1,happy
400,03-01-03-02-01-01-17.wav,400,emotion_speech,03,0,happy
401,03-01-03-02-01-01-18.wav,401,emotion_speech,03,1,happy
402,03-01-03-02-01-01-19.wav,402,emotion_speech,03,0,happy
403,03-01-03-02-01-01-20.wav,403,emotion_speech,03,1,happy
404,03-01-03-02-01-01-21.wav,404,emotion_speech,03,0,happy
405,03-01-03-02-01-01-22.wav,405,emotion_speech,03,1,happy
406,03-01-03-02-01-01-23.wav,406,emotion_speech,03,0,happy
407,03-01-03-02-01-01-24.wav,407,emotion_speech,03,1,happy
408,03-01-03-02-01-02-01.wav,408,emotion_speech,03,0,happy
409,03-01-03-02-01-02-02.wav,409,emotion_speech,03,1,happy
410,03-01-03-02-01-02-03.wav,410,emotion_speech,03,0,happy
411,03-01-03-02-01-02-04.wav,411,emotion_speech,03,1,happy
412,03-01-03-02-01-02-05.wav,412,emotion_speech,03,0,happy
413,03-01-03-02-01-02-06.wav,413,emotion_speech,03,1,happy
414,03-01-03-02-01-02-07.wav,414,emotion_speech,03,0,happy
415,03-01-03-02-01-02-08.wav,415,emotion_speech,03,1,happy
416,03-01-03-02-01-02-09.wav,416,emotion_speech,03,0,happy
417,03-01-03-02-01-02-10.wav,417,emotion_speech,03,1,happy
418,03-01-03-02-01-02-11.wav,418,emotion_speech,03,0,happy
419,03-01-03-02-01-02-12.wav,419,emotion_speech,03,1,happy
420,03-01-03-02-01-02-13.wav,420,emotion_speech,03,0,happy
421,03-01-03-02-01-02-14.wav,421,emotion_speech,03,1,happy
422,03-01-03-02-01-02-15.wav,422,emotion_speech,03,0,happy
423,03-01-03-02-01-02-16.wav,423,emotion_speech,03,1,happy
424,03-01-03-02-01-02-17.wav,424,emotion_speech,03,0,happy
425,03-01-03-02-01-02-18.wav,425,emotion_speech,03,1,happy
426,03-01-03-02-01-02-19.wav,426,emotion_speech,03,0,happy
427,03-01-03-02-01-02-20.wav,427,emotion_speech,03,1,happy
428,03-01-03-02-01-02-21.wav,428,emotion_speech,03,0,happy
429,03-01-03-02-01-02-22.wav,429,emotion_speech,03,1,happy
430,03-01-03-02-01-02-23.wav,430,emotion_speech,03,0,happy
431,03-01-03-02-01-02-24.wav,431,emotion_speech,03,1,happy
432,03-01-03-02-02-01-01.wav,432,emotion_speech,03,0,happy
433,03-01-03-02-02-01-02.wav,433,emotion_speech,03,1,happy
434,03-01-03-02-02-01-03.wav,434,emotion_speech,03,0,happy
435,03-01-03-02-02-01-04.wav,435,emotion_speech,03,1,happy
436,03-01-03-02-02-01-05.wav,436,emotion_speech,03,0,happy
437,03-01-03-02-02-01-06.wav,437,emotion_speech,03,1,happy
438,03-01-03-02-02-01-07.wav,438,emotion_speech,03,0,happy
439,03-01-03-02-02-01-08.wav,439,emotion_speech,03,1,happy
440,03-01-03-02-02-01-09.wav,440,emotion_speech,03,0,happy
441,03-01-03-02-02-01-10.wav,441,emotion_speech,03,1,happy
442,03-01-03-02-02-01-11.wav,442,emotion_speech,03,0,happy
443,03-01-03-02-02-01-12.wav,443,emotion_speech,03,1,happy
444,03-01-03-02-02-01-13.wav,444,emotion_speech,03,0,happy
445,03-01-03-02-02-01-14.wav,445,emotion_speech,03,1,happy
446,03-01-03-02-02-01-15.wav,446,emotion_speech,03,0,happy
447,03-01-03-02-02-01-16.wav,447,emotion_speech,03,1,happy
448,03-01-03-02-02-01-17.wav,448,emotion_speech,03,0,happy
449,03-01-03-02-02-01-18.wav,449,emotion_speech,03,1,happy
450,03-01-03-02-02-01-19.wav,450,emotion_speech,03,0,happy
451,03-01-03-02-02-01-20.wav,451,emotion_speech,03,1,happy
452,03-01-03-02-02-01-21.wav,452,emotion_speech,03,0,happy
453,03-01-03-02-02-01-22.wav,453,emotion_speech,03,1,happy
454,03-01-03-02-02-01-23.wav,454,emotion_speech,03,0,happy
455,03-01-03-02-02-01-24.wav,455,emotion_speech,03,1,happy
456,03-01-03-02-02-02-01.wav,456,emotion_speech,03,0,happy
457,03-01-03-02-02-02-02.wav,457,emotion_speech,03,1,happy
458,03-01-03-02-02-02-03.wav,458,emotion_speech,03,0,happy
459,03-01-03-02-02-02-04.wav,459,emotion_speech,03,1,happy
460,03-01-03-02-02-02-05.wav,460,emotion_speech,03,0,happy
461,03-01-03-02-02-02-06.wav,461,emotion_speech,03,1,happy
462,03-01-03-02-02-02-07.wav,462,emotion_speech,03,0,happy
463,03-01-03-02-02-02-08.wav,463,emotion_speech,03,1,happy
464,03-01-03-02-02-02-09.wav,464,emotion_speech,03,0,happy
465,03-01-03-02-02-02-10.wav,465,emotion_speech,03,1,happy
466,03-01-03-02-02-02-11.wav,466,emotion_speech,03,0,happy
467,03-01-03-02-02-02-12.wav,467,emotion_speech,03,1,happy
468,03-01-03-02-02-02-13.wav,468,emotion_speech,03,0,happy
469,03-01-03-02-02-02-14.wav,469,emotion_speech,03,1,happy
470,03-01-03-02-02-02-15.wav,470,emotion_speech,03,0,happy
471,03-01-03-02-02-02-16.wav,471,emotion_speech,03,1,happy
472,03-01-03-02-02-02-17.wav,472,emotion_speech,03,0,happy
473,03-01-03-02-02-02-18.wav,473,emotion_speech,03,1,happy
474,03-01-03-02-02-02-19.wav,474,emotion_speech,03,0,happy
475,03-01-03-02-02-02-20.wav,475,emotion_speech,03,1,happy
476,03-01-03-02-02-02-21.wav,476,emotion_speech,03,0,happy
477,03-01-03-02-02-02-22.wav,477,emotion_speech,03,1,happy
478,03-01-03-02-02-02-23.wav,478,emotion_speech,03,0,happy
479,03-01-03-02-02-02-24.wav,479,emotion_speech,03,1,happy
480,03-01-04-01-01-01-01.wav,480,emotion_speech,04,0,sad
481,03-01-04-01-01-01-02.wav,481,emotion_speech,04,1,sad
482,03-01-04-01-01-01-03.wav,482,emotion_speech,04,0,sad
483,03-01-04-01-01-01-04.wav,483,emotion_speech,04,1,sad
484,03-01-04-01-01-01-05.wav,484,emotion_speech,04,0,sad
485,03-01-04-01-01-01-06.wav,485,emotion_speech,04,1,sad
486,03-01-04-01-01-01-07.wav,486,emotion_speech,04,0,sad
487,03-01-04-01-01-01-08.wav,487,emotion_speech,04,1,sad
488,03-01-04-01-01-01-09.wav,488,emotion_speech,04,0,sad
489,03-01-04-01-01-01-10.wav,489,emotion_speech,04,1,sad
490,03-01-04-01-01-01-11.wav,490,emotion_speech,04,0,sad
491,03-01-04-01-01-01-12.wav,491,emotion_speech,04,1,sad
492,03-01-04-01-01-01-13.wav,492,emotion_speech,04,0,sad
493,03-01-04-01-01-01-14.wav,493,emotion_speech,04,1,sad
494,03-01-04-01-01-01-15.wav,494,emotion_speech,04,0,sad
495,03-01-04-01-01-01-16.wav,495,emotion_speech,04,1,sad
496,03-01-04-01-01-01-17.wav,496,emotion_speech,04,0,sad
497,03-01-04-01-01-01-18.wav,497,emotion_speech,04,1,sad
498,03-01-04-01-01-01-19.wav,498,emotion_speech,04,0,sad
499,03-01-04-01-01-01-20.wav,499,emotion_speech,04,1,sad
500,03-01-04-01-01-01-21.wav,500,emotion_speech,04,0,sad
501,03-01-04-01-01-01-22.wav,501,emotion_speech,04,1,sad
502,03-01-04-01-01-01-23.wav,502,emotion_speech,04,0,sad
503,03-01-04-01-01-01-24.wav,503,emotion_speech,04,1,sad
504,03-01-04-01-01-02-01.wav,504,emotion_speech,04,0,sad
505,03-01-04-01-01-02-02.wav,505,emotion_speech,04,1,sad
506,03-01-04-01-01-02-03.wav,506,emotion_speech,04,0,sad
507,03-01-04-01-01-02-04.wav,507,emotion_speech,04,1,sad
508,03-01-04-01-01-02-05.wav,508,emotion_speech,04,0,sad
509,03-01-04-01-01-02-06.wav,509,emotion_speech,04,1,sad
510,03-01-04-01-01-02-07.wav,510,emotion_speech,04,0,sad
511,03-01-04-01-01-02-08.wav,511,emotion_speech,04,1,sad
512,03-01-04-01-01-02-09.wav,512,emotion_speech,04,0,sad
513,03-01-04-01-01-02-10.wav,513,emotion_speech,04,1,sad
514,03-01-04-01-01-02-11.wav,514,emotion_speech,04,0,sad
515,03-01-04-01-01-02-12.wav,515,emotion_speech,04,1,sad
516,03-01-04-01-01-02-13.wav,516,emotion_speech,04,0,sad
517,03-01-04-01-01-02-14.wav,517,emotion_speech,04,1,sad
518,03-01-04-01-01-02-15.wav,518,emotion_speech,04,0,sad
519,03-01-04-01-01-02-16.wav,519,emotion_speech,04,1,sad
520,03-01-04-01-01-02-17.wav,520,emotion_speech,04,0,sad
521,03-01-04-01-01-02-18.wav,521,emotion_speech,04,1,sad
522,03-01-04-01-01-02-19.wav,522,emotion_speech,04,0,sad
523,03-01-04-01-01-02-20.wav,523,emotion_speech,04,1,sad
524,03-01-04-01-01-02-21.wav,524,emotion_speech,04,0,sad
525,03-01-04-01-01-02-22.wav,525,emotion_speech,04,1,sad
526,03-01-04-01-01-02-23.wav,526,emotion_speech,04,0,sad
527,03-01-04-01-01-02-24.wav,527,emotion_speech,04,1,sad
528,03-01-04-01-02-01-01.wav,528,emotion_speech,04,0,sad
529,03-01-04-01-02-01-02.wav,529,emotion_speech,04,1,sad
530,03-01-04-01-02-01-03.wav,530,emotion_speech,04,0,sad
531,03-01-04-01-02-01-04.wav,531,emotion_speech,04,1,sad
532,03-01-04-01-02-01-05.wav,532,emotion_speech,04,0,sad
533,03-01-04-01-02-01-06.wav,533,emotion_speech,04,1,sad
534,03-01-04-01-02-01-07.wav,534,emotion_speech,04,0,sad
535,03-01-04-01-02-01-08.wav,535,emotion_speech,04,1,sad
536,03-01-04-01-02-01-09.wav,536,emotion_speech,04,0,sad
537,03-01-04-01-02-01-10.wav,537,emotion_speech,04,1,sad
538,03-01-04-01-02-01-11.wav,538,emotion_speech,04,0,sad
539,03-01-04-01-02-01-12.wav,539,emotion_speech,04,1,sad
540,03-01-04-01-02-01-13.wav,540,emotion_speech,04,0,sad
541,03-01-04-01-02-01-14.wav,541,emotion_speech,04,1,sad
542,03-01-04-01-02-01-15.wav,542,emotion_speech,04,0,sad
543,03-01-04-01-02-01-16.wav,543,emotion_speech,04,1,sad
544,03-01-04-01-02-01-17.wav,544,emotion_speech,04,0,sad
545,03-01-04-01-02-01-18.wav,545,emotion_speech,04,1,sad
546,03-01-04-01-02-01-19.wav,546,emotion_speech,04,0,sad
547,03-01-04-01-02-01-20.wav,547,emotion_speech,04,1,sad
548,03-01-04-01-02-01-21.wav,548,emotion_speech,04,0,sad
549,03-01-04-01-02-01-22.wav,549,emotion_speech,04,1,sad
550,03-01-04-01-02-01-23.wav,550,emotion_speech,04,0,sad
551,03-01-04-01-02-01-24.wav,551,emotion_speech,04,1,sad
552,03-01-04-01-02-02-01.wav,552,emotion_speech,04,0,sad
553,03-01-04-01-02-02-02.wav,553,emotion_speech,04,1,sad
554,03-01-04-01-02-02-03.wav,554,emotion_speech,04,0,sad
555,03-01-04-01-02-02-04.wav,555,emotion_speech,04,1,sad
556,03-01-04-01-02-02-05.wav,556,emotion_speech,04,0,sad
557,03-01-04-01-02-02-06.wav,557,emotion_speech,04,1,sad
558,03-01-04-01-02-02-07.wav,558,emotion_speech,04,0,sad
559,03-01-04-01-02-02-08.wav,559,emotion_speech,04,1,sad
560,03-01-04-01-02-02-09.wav,560,emotion_speech,04,0,sad
561,03-01-04-01-02-02-10.wav,561,emotion_speech,04,1,sad
562,03-01-04-01-02-02-11.wav,562,emotion_speech,04,0,sad
563,03-01-04-01-02-02-12.wav,563,emotion_speech,04,1,sad
564,03-01-04-01-02-02-13.wav,564,emotion_speech,04,0,sad
565,03-01-04-01-02-02-14.wav,565,emotion_speech,04,1,sad
566,03-01-04-01-02-02-15.wav,566,emotion_speech,04,0,sad
567,03-01-04-01-02-02-16.wav,567,emotion_speech,04,1,sad
568,03-01-04-01-02-02-17.wav,568,emotion_speech,04,0,sad
569,03-01-04-01-02-02-18.wav,569,emotion_speech,04,1,sad
570,03-01-04-01-02-02-19.wav,570,emotion_speech,04,0,sad
571,03-01-04-01-02-02-20.wav,571,emotion_speech,04,1,sad
572,03-01-04-01-02-02-21.wav,572,emotion_speech,04,0,sad
573,03-01-04-01-02-02-22.wav,573,emotion_speech,04,1,sad
574,03-01-04-01-02-02-23.wav,574,emotion_speech,04,0,sad
575,03-01-04-01-02-02-24.wav,575,emotion_speech,04,1,sad
576,03-01-04-02-01-01-01.wav,576,emotion_speech,04,0,sad
577,03-01-04-02-01-01-02.wav,577,emotion_speech,04,1,sad
578,03-01-04-02-01-01-03.wav,578,emotion_speech,04,0,sad
579,03-01-04-02-01-01-04.wav,579,emotion_speech,04,1,sad
580,03-01-04-02-01-01-05.wav,580,emotion_speech,04,0,sad
581,03-01-04-02-01-01-06.wav,581,emotion_speech,04,1,sad
582,03-01-04-02-01-01-07.wav,582,emotion_speech,04,0,sad
583,03-01-04-02-01-01-08.wav,583,emotion_speech,04,1,sad
584,03-01-04-02-01-01-09.wav,584,emotion_speech,04,0,sad
585,03-01-04-02-01-01-10.wav,585,emotion_speech,04,1,sad
586,03-01-04-02-01-01-11.wav,586,emotion_speech,04,0,sad
587,03-01-04-02-01-01-12.wav,587,emotion_speech,04,1,sad
588,03-01-04-02-01-01-13.wav,588,emotion_speech,04,0,sad
589,03-01-04-02-01-01-14.wav,589,emotion_speech,04,1,sad
590,03-01-04-02-01-01-15.wav,590,emotion_speech,04,0,sad
591,03-01-04-02-01-01-16.wav,591,emotion_speech,04,1,sad
592,03-01-04-02-01-01-17.wav,592,emotion_speech,04,0,sad
593,03-01-04-02-01-01-18.wav,593,emotion_speech,04,1,sad
594,03-01-04-02-01-01-19.wav,594,emotion_speech,04,0,sad
595,03-01-04-02-01-01-20.wav,595,emotion_speech,04,1,sad
596,03-01-04-02-01-01-21.wav,596,emotion_speech,04,0,sad
597,03-01-04-02-01-01-22.wav,597,emotion_speech,04,1,sad
598,03-01-04-02-01-01-23.wav,598,emotion_speech,04,0,sad
599,03-01-04-02-01-01-24.wav,599,emotion_speech,04,1,sad
600,03-01-04-02-01-02-01.wav,600,emotion_speech,04,0,sad
601,03-01-04-02-01-02-02.wav,601,emotion_speech,04,1,sad
602,03-01-04-02-01-02-03.wav,602,emotion_speech,04,0,sad
603,03-01-04-02-01-02-04.wav,603,emotion_speech,04,1,sad
604,03-01-04-02-01-02-05.wav,604,emotion_speech,04,0,sad
605,03-01-04-02-01-02-06.wav,605,emotion_speech,04,1,sad
606,03-01-04-02-01-02-07.wav,606,emotion_speech,04,0,sad
607,03-01-04-02-01-02-08.wav,607,emotion_speech,04,1,sad
608,03-01-04-02-01-02-09.wav,608,emotion_speech,04,0,sad
609,03-01-04-02-01-02-10.wav,609,emotion_speech,04,1,sad
610,03-01-04-02-01-02-11.wav,610,emotion_speech,04,0,sad
611,03-01-04-02-01-02-12.wav,611,emotion_speech,04,1,sad
612,03-01-04-02-01-02-13.wav,612,emotion_speech,04,0,sad
613,03-01-04-02-01-02-14.wav,613,emotion_speech,04,1,sad
614,03-01-04-02-01-02-15.wav,614,emotion_speech,04,0,sad
615,03-01-04-02-01-02-16.wav,615,emotion_speech,04,1,sad
616,03-01-04-02-01-02-17.wav,616,emotion_speech,04,0,sad
617,03-01-04-02-01-02-18.wav,617,emotion_speech,04,1,sad
618,03-01-04-02-01-02-19.wav,618,emotion_speech,04,0,sad
619,03-01-04-02-01-02-20.wav,619,emotion_speech,04,1,sad
620,03-01-04-02-01-02-21.wav,620,emotion_speech,04,0,sad
621,03-01-04-02-01-02-22.wav,621,emotion_speech,04,1,sad
622,03-01-04-02-01-02-23.wav,622,emotion_speech,04,0,sad
623,03-01-04-02-01-02-24.wav,623,emotion_speech,04,1,sad
624,03-01-04-02-02-01-01.wav,624,emotion_speech,04,0,sad
625,03-01-04-02-02-01-02.wav,625,emotion_speech,04,1,sad
626,03-01-04-02-02-01-03.wav,626,emotion_speech,04,0,sad
627,03-01-04-02-02-01-04.wav,627,emotion_speech,04,1,sad
628,03-01-04-02-02-01-05.wav,628,emotion_speech,04,0,sad
629,03-01-04-02-02-01-06.wav,629,emotion_speech,04,1,sad
630,03-01-04-02-02-01-07.wav,630,emotion_speech,04,0,sad
631,03-01-04-02-02-01-08.wav,631,emotion_speech,04,1,sad
632,03-01-04-02-02-01-09.wav,632,emotion_speech,04,0,sad
633,03-01-04-02-02-01-10.wav,633,emotion_speech,04,1,sad
634,03-01-04-02-02-01-11.wav,634,emotion_speech,04,0,sad
635,03-01-04-02-02-01-12.wav,635,emotion_speech,04,1,sad
636,03-01-04-02-02-01-13.wav,636,emotion_speech,04,0,sad
637,03-01-04-02-02-01-14.wav,637,emotion_speech,04,1,sad
638,03-01-04-02-02-01-15.wav,638,emotion_speech,04,0,sad
639,03-01-04-02-02-01-16.wav,639,emotion_speech,04,1,sad
640,03-01-04-02-02-01-17.wav,640,emotion_speech,04,0,sad
641,03-01-04-02-02-01-18.wav,641,emotion_speech,04,1,sad
642,03-01-04-02-02-01-19.wav,642,emotion_speech,04,0,sad
643,03-01-04-02-02-01-20.wav,643,emotion_speech,04,1,sad
644,03-01-04-02-02-01-21.wav,644,emotion_speech,04,0,sad
645,03-01-04-02-02-01-22.wav,645,emotion_speech,04,1,sad
646,03-01-04-02-02-01-23.wav,646,emotion_speech,04,0,sad
647,03-01-04-02-02-01-24.wav,647,emotion_speech,04,1,sad
648,03-01-04-02-02-02-01.wav,648,emotion_speech,04,0,sad
649,03-01-04-02-02-02-02.wav,649,emotion_speech,04,1,sad
650,03-01-04-02-02-02-03.wav,650,emotion_speech,04,0,sad
651,03-01-04-02-02-02-04.wav,651,emotion_speech,04,1,sad
652,03-01-04-02-02-02-05.wav,652,emotion_speech,04,0,sad
653,03-01-04-02-02-02-06.wav,653,emotion_speech,04,1,sad
654,03-01-04-02-02-02-07.wav,654,emotion_speech,04,0,sad
655,03-01-04-02-02-02-08.wav,655,emotion_speech,04,1,sad
656,03-01-04-02-02-02-09.wav,656,emotion_speech,04,0,sad
657,03-01-04-02-02-02-10.wav,657,emotion_speech,04,1,sad
658,03-01-04-02-02-02-11.wav,658,emotion_speech,04,0,sad
659,03-01-04-02-02-02-12.wav,659,emotion_speech,04,1,sad
660,03-01-04-02-02-02-13.wav,660,emotion_speech,04,0,sad
661,03-01-04-02-02-02-14.wav,661,emotion_speech,04,1,sad
662,03-01-04-02-02-02-15.wav,662,emotion_speech,04,0,sad
663,03-01-04-02-02-02-16.wav,663,emotion_speech,04,1,sad
664,03-01-04-02-02-02-17.wav,664,emotion_speech,04,0,sad
665,03-01-04-02-02-02-18.wav,665,emotion_speech,04,1,sad
666,03-01-04-02-02-02-19.wav,666,emotion_speech,04,0,sad
667,03-01-04-02-02-02-20.wav,667,emotion_speech,04,1,sad
668,03-01-04-02-02-02-21.wav,668,emotion_speech,04,0,sad
669,03-01-04-02-02-02-22.wav,669,emotion_speech,04,1,sad
670,03-01-04-02-02-02-23.wav,670,emotion_speech,04,0,sad
671,03-01-04-02-02-02-24.wav,671,emotion_speech,04,1,sad
672,03-01-05-01-01-01-01.wav,672,emotion_speech,05,0,angry
673,03-01-05-01-01-01-02.wav,673,emotion_speech,05,1,angry
674,03-01-05-01-01-01-03.wav,674,emotion_speech,05,0,angry
675,03-01-05-01-01-01-04.wav,675,emotion_speech,05,1,angry
676,03-01-05-01-01-01-05.wav,676,emotion_speech,05,0,angry
677,03-01-05-01-01-01-06.wav,677,emotion_speech,05,1,angry
678,03-01-05-01-01-01-07.wav,678,emotion_speech,05,0,angry
679,03-01-05-01-01-01-08.wav,679,emotion_speech,05,1,angry
680,03-01-05-01-01-01-09.wav,680,emotion_speech,05,0,angry
681,03-01-05-01-01-01-10.wav,681,emotion_speech,05,1,angry
682,03-01-05-01-01-01-11.wav,682,emotion_speech,05,0,angry
683,03-01-05-01-01-01-12.wav,683,emotion_speech,05,1,angry
684,03-01-05-01-01-01-13.wav,684,emotion_speech,05,0,angry
685,03-01-05-01-01-01-14.wav,685,emotion_speech,05,1,angry
686,03-01-05-01-01-01-15.wav,686,emotion_speech,05,0,angry
687,03-01-05-01-01-01-16.wav,687,emotion_speech,05,1,angry
688,03-01-05-01-01-01-17.wav,688,emotion_speech,05,0,angry
689,03-01-05-01-01-01-18.wav,689,emotion_speech,05,1,angry
690,03-01-05-01-01-01-19.wav,690,emotion_speech,05,0,angry
691,03-01-05-01-01-01-20.wav,691,emotion_speech,05,1,angry
692,03-01-05-01-01-01-21.wav,692,emotion_speech,05,0,angry
693,03-01-05-01-01-01-22.wav,693,emotion_speech,05,1,angry
694,03-01-05-01-01-01-23.wav,694,emotion_speech,05,0,angry
695,03-01-05-01-01-01-24.wav,695,emotion_speech,05,1,angry
696,03-01-05-01-01-02-01.wav,696,emotion_speech,05,0,angry
697,03-01-05-01-01-02-02.wav,697,emotion_speech,05,1,angry
698,03-01-05-01-01-02-03.wav,698,emotion_speech,05,0,angry
699,03-01-05-01-01-02-04.wav,699,emotion_speech,05,1,angry
700,03-01-05-01-01-02-05.wav,700,emotion_speech,05,0,angry
701,03-01-05-01-01-02-06.wav,701,emotion_speech,05,1,angry
702,03-01-05-01-01-02-07.wav,702,emotion_speech,05,0,angry
703,03-01-05-01-01-02-08.wav,703,emotion_speech,05,1,angry
704,03-01-05-01-01-02-09.wav,704,emotion_speech,05,0,angry
705,03-01-05-01-01-02-10.wav,705,emotion_speech,05,1,angry
706,03-01-05-01-01-02-11.wav,706,emotion_speech,05,0,angry
707,03-01-05-01-01-02-12.wav,707,emotion_speech,05,1,angry
708,03-01-05-01-01-02-13.wav,708,emotion_speech,05,0,angry
709,03-01-05-01-01-02-14.wav,709,emotion_speech,05,1,angry
710,03-01-05-01-01-02-15.wav,710,emotion_speech,05,0,angry
711,03-01-05-01-01-02-16.wav,711,emotion_speech,05,1,angry
712,03-01-05-01-01-02-17.wav,712,emotion_speech,05,0,angry
713,03-01-05-01-01-02-18.wav,713,emotion_speech,05,1,angry
714,03-01-05-01-01-02-19.wav,714,emotion_speech,05,0,angry
715,03-01-05-01-01-02-20.wav,715,emotion_speech,05,1,angry
716,03-01-05-01-01-02-21.wav,716,emotion_speech,05,0,angry
717,03-01-05-01-01-02-22.wav,717,emotion_speech,05,1,angry
718,03-01-05-01-01-02-23.wav,718,emotion_speech,05,0,angry
719,03-01-05-01-01-02-24.wav,719,emotion_speech,05,1,angry
720,03-01-05-01-02-01-01.wav,720,emotion_speech,05,0,angry
721,03-01-05-01-02-01-02.wav,721,emotion_speech,05,1,angry
722,03-01-05-01-02-01-03.wav,722,emotion_speech,05,0,angry
723,03-01-05-01-02-01-04.wav,723,emotion_speech,05,1,angry
724,03-01-05-01-02-01-05.wav,724,emotion_speech,05,0,angry
725,03-01-05-01-02-01-06.wav,725,emotion_speech,05,1,angry
726,03-01-05-01-02-01-07.wav,726,emotion_speech,05,0,angry
727,03-01-05-01-02-01-08.wav,727,emotion_speech,05,1,angry
728,03-01-05-01-02-01-09.wav,728,emotion_speech,05,0,angry
729,03-01-05-01-02-01-10.wav,729,emotion_speech,05,1,angry
730,03-01-05-01-02-01-11.wav,730,emotion_speech,05,0,angry
731,03-01-05-01-02-01-12.wav,731,emotion_speech,05,1,angry
732,03-01-05-01-02-01-13.wav,732,emotion_speech,05,0,angry
733,03-01-05-01-02-01-14.wav,733,emotion_speech,05,1,angry
734,03-01-05-01-02-01-15.wav,734,emotion_speech,05,0,angry
735,03-01-05-01-02-01-16.wav,735,emotion_speech,05,1,angry
736,03-01-05-01-02-01-17.wav,736,emotion_speech,05,0,angry
737,03-01-05-01-02-01-18.wav,737,emotion_speech,05,1,angry
738,03-01-05-01-02-01-19.wav,738,emotion_speech,05,0,angry
739,03-01-05-01-02-01-20.wav,739,emotion_speech,05,1,angry
740,03-01-05-01-02-01-21.wav,740,emotion_speech,05,0,angry
741,03-01-05-01-02-01-22.wav,741,emotion_speech,05,1,angry
742,03-01-05-01-02-01-23.wav,742,emotion_speech,05,0,angry
743,03-01-05-01-02-01-24.wav,743,emotion_speech,05,1,angry
744,03-01-05-01-02-02-01.wav,744,emotion_speech,05,0,angry
745,03-01-05-01-02-02-02.wav,745,emotion_speech,05,1,angry
746,03-01-05-01-02-02-03.wav,746,emotion_speech,05,0,angry
747,03-01-05-01-02-02-04.wav,747,emotion_speech,05,1,angry
748,03-01-05-01-02-02-05.wav,748,emotion_speech,05,0,angry
749,03-01-05-01-02-02-06.wav,749,emotion_speech,05,1,angry
750,03-01-05-01-02-02-07.wav,750,emotion_speech,05,0,angry
751,03-01-05-01-02-02-08.wav,751,emotion_speech,05,1,angry
752,03-01-05-01-02-02-09.wav,752,emotion_speech,05,0,angry
753,03-01-05-01-02-02-10.wav,753,emotion_speech,05,1,angry
754,03-01-05-01-02-02-11.wav,754,emotion_speech,05,0,angry
755,03-01-05-01-02-02-12.wav,755,emotion_speech,05,1,angry
756,03-01-05-01-02-02-13.wav,756,emotion_speech,05,0,angry
757,03-01-05-01-02-02-14.wav,757,emotion_speech,05,1,angry
758,03-01-05-01-02-02-15.wav,758,emotion_speech,05,0,angry
759,03-01-05-01-02-02-16.wav,759,emotion_speech,05,1,angry
760,03-01-05-01-02-02-17.wav,760,emotion_speech,05,0,angry
761,03-01-05-01-02-02-18.wav,761,emotion_speech,05,1,angry
762,03-01-05-01-02-02-19.wav,762,emotion_speech,05,0,angry
763,03-01-05-01-02-02-20.wav,763,emotion_speech,05,1,angry
764,03-01-05-01-02-02-21.wav,764,emotion_speech,05,0,angry
765,03-01-05-01-02-02-22.wav,765,emotion_speech,05,1,angry
766,03-01-05-01-02-02-23.wav,766,emotion_speech,05,0,angry
767,03-01-05-01-02-02-24.wav,767,emotion_speech,05,1,angry
768,03-01-05-02-01-01-01.wav,768,emotion_speech,05,0,angry
769,03-01-05-02-01-01-02.wav,769,emotion_speech,05,1,angry
770,03-01-05-02-01-01-03.wav,770,emotion_speech,05,0,angry
771,03-01-05-02-01-01-04.wav,771,emotion_speech,05,1,angry
772,03-01-05-02-01-01-05.wav,772,emotion_speech,05,0,angry
773,03-01-05-02-01-01-06.wav,773,emotion_speech,05,1,angry
774,03-01-05-02-01-01-07.wav,774,emotion_speech,05,0,angry
775,03-01-05-02-01-01-08.wav,775,emotion_speech,05,1,angry
776,03-01-05-02-01-01-09.wav,776,emotion_speech,05,0,angry
777,03-01-05-02-01-01-10.wav,777,emotion_speech,05,1,angry
778,03-01-05-02-01-01-11.wav,778,emotion_speech,05,0,angry
779,03-01-05-02-01-01-12.wav,779,emotion_speech,05,1,angry
780,03-01-05-02-01-01-13.wav,780,emotion_speech,05,0,angry
781,03-01-05-02-01-01-14.wav,781,emotion_speech,05,1,angry
782,03-01-05-02-01-01-15.wav,782,emotion_speech,05,0,angry
783,03-01-05-02-01-01-16.wav,783,emotion_speech,05,1,angry
784,03-01-05-02-01-01-17.wav,784,emotion_speech,05,0,angry
785,03-01-05-02-01-01-18.wav,785,emotion_speech,05,1,angry
786,03-01-05-02-01-01-19.wav,786,emotion_speech,05,0,angry
787,03-01-05-02-01-01-20.wav,787,emotion_speech,05,1,angry
788,03-01-05-02-01-01-21.wav,788,emotion_speech,05,0,angry
789,03-01-05-02-01-01-22.wav,789,emotion_speech,05,1,angry
790,03-01-05-02-01-01-23.wav,790,emotion_speech,05,0,angry
791,03-01-05-02-01-01-24.wav,791,emotion_speech,05,1,angry
792,03-01-05-02-01-02-01.wav,792,emotion_speech,05,0,angry
793,03-01-05-02-01-02-02.wav,793,emotion_speech,05,1,angry
794,03-01-05-02-01-02-03.wav,794,emotion_speech,05,0,angry
795,03-01-05-02-01-02-04.wav,795,emotion_speech,05,1,angry
796,03-01-05-02-01-02-05.wav,796,emotion_speech,05,0,angry
797,03-01-05-02-01-02-06.wav,797,emotion_speech,05,1,angry
798,03-01-05-02-01-02-07.wav,798,emotion_speech,05,0,angry
799,03-01-05-02-01-02-08.wav,799,emotion_speech,05,1,angry
800,03-01-05-02-01-02-09.wav,800,emotion_speech,05,0,angry
801,03-01-05-02-01-02-10.wav,801,emotion_speech,05,1,angry
802,03-01-05-02-01-02-11.wav,802,emotion_speech,05,0,angry
803,03-01-05-02-01-02-12.wav,803,emotion_speech,05,1,angry
804,03-01-05-02-01-02-13.wav,804,emotion_speech,05,0,angry
805,03-01-05-02-01-02-14.wav,805,emotion_speech,05,1,angry
806,03-01-05-02-01-02-15.wav,806,emotion_speech,05,0,angry
807,03-01-05-02-01-02-16.wav,807,emotion_speech,05,1,angry
808,03-01-05-02-01-02-17.wav,808,emotion_speech,05,0,angry
809,03-01-05-02-01-02-18.wav,809,emotion_speech,05,1,angry
810,03-01-05-02-01-02-19.wav,810,emotion_speech,05,0,angry
811,03-01-05-02-01-02-20.wav,811,emotion_speech,05,1,angry
812,03-01-05-02-01-02-21.wav,812,emotion_speech,05,0,angry
813,03-01-05-02-01-02-22.wav,813,emotion_speech,05,1,angry
814,03-01-05-02-01-02-23.wav,814,emotion_speech,05,0,angry
815,03-01-05-02-01-02-24.wav,815,emotion_speech,05,1,angry
816,03-01-05-02-02-01-01.wav,816,emotion_speech,05,0,angry
817,03-01-05-02-02-01-02.wav,817,emotion_speech,05,1,angry
818,03-01-05-02-02-01-03.wav,818,emotion_speech,05,0,angry
819,03-01-05-02-02-01-04.wav,819,emotion_speech,05,1,angry
820,03-01-05-02-02-01-05.wav,820,emotion_speech,05,0,angry
821,03-01-05-02-02-01-06.wav,821,emotion_speech,05,1,angry
822,03-01-05-02-02-01-07.wav,822,emotion_speech,05,0,angry
823,03-01-05-02-02-01-08.wav,823,emotion_speech,05,1,angry
824,03-01-05-02-02-01-09.wav,824,emotion_speech,05,0,angry
825,03-01-05-02-02-01-10.wav,825,emotion_speech,05,1,angry
826,03-01-05-02-02-01-11.wav,826,emotion_speech,05,0,angry
827,03-01-05-02-02-01-12.wav,827,emotion_speech,05,1,angry
828,03-01-05-02-02-01-13.wav,828,emotion_speech,05,0,angry
829,03-01-05-02-02-01-14.wav,829,emotion_speech,05,1,angry
830,03-01-05-02-02-01-15.wav,830,emotion_speech,05,0,angry
831,03-01-05-02-02-01-16.wav,831,emotion_speech,05,1,angry
832,03-01-05-02-02-01-17.wav,832,emotion_speech,05,0,angry
833,03-01-05-02-02-01-18.wav,833,emotion_speech,05,1,angry
834,03-01-05-02-02-01-19.wav,834,emotion_speech,05,0,angry
835,03-01-05-02-02-01-20.wav,835,emotion_speech,05,1,angry
836,03-01-05-02-02-01-21.wav,836,emotion_speech,05,0,angry
837,03-01-05-02-02-01-22.wav,837,emotion_speech,05,1,angry
838,03-01-05-02-02-01-23.wav,838,emotion_speech,05,0,angry
839,03-01-05-02-02-01-24.wav,839,emotion_speech,05,1,angry
840,03-01-05-02-02-02-01.wav,840,emotion_speech,05,0,angry
841,03-01-05-02-02-02-02.wav,841,emotion_speech,05,1,angry
842,03-01-05-02-02-02-03.wav,842,emotion_speech,05,0,angry
843,03-01-05-02-02-02-04.wav,843,emotion_speech,05,1,angry
844,03-01-05-02-02-02-05.wav,844,emotion_speech,05,0,angry
845,03-01-05-02-02-02-06.wav,845,emotion_speech,05,1,angry
846,03-01-05-02-02-02-07.wav,846,emotion_speech,05,0,angry
847,03-01-05-02-02-02-08.wav,847,emotion_speech,05,1,angry
848,03-01-05-02-02-02-09.wav,848,emotion_speech,05,0,angry
849,03-01-05-02-02-02-10.wav,849,emotion_speech,05,1,angry
850,03-01-05-02-02-02-11.wav,850,emotion_speech,05,0,angry
851,03-01-05-02-02-02-12.wav,851,emotion_speech,05,1,angry
852,03-01-05-02-02-02-13.wav,852,emotion_speech,05,0,angry
853,03-01-05-02-02-02-14.wav,853,emotion_speech,05,1,angry
854,03-01-05-02-02-02-15.wav,854,emotion_speech,05,0,angry
855,03-01-05-02-02-02-16.wav,855,emotion_speech,05,1,angry
856,03-01-05-02-02-02-17.wav,856,emotion_speech,05,0,angry
857,03-01-05-02-02-02-18.wav,857,emotion_speech,05,1,angry
858,03-01-05-02-02-02-19.wav,858,emotion_speech,05,0,angry
859,03-01-05-02-02-02-20.wav,859,emotion_speech,05,1,angry
860,03-01-05-02-02-02-21.wav,860,emotion_speech,05,0,angry
861,03-01-05-02-02-02-22.wav,861,emotion_speech,05,1,angry
862,03-01-05-02-02-02-23.wav,862,emotion_speech,05,0,angry
863,03-01-05-02-02-02-24.wav,863,emotion_speech,05,1,angry
864,03-01-06-01-01-01-01.wav,864,emotion_speech,06,0,fearful
865,03-01-06-01-01-01-02.wav,865,emotion_speech,06,1,fearful
866,03-01-06-01-01-01-03.wav,866,emotion_speech,06,0,fearful
867,03-01-06-01-01-01-04.wav,867,emotion_speech,06,1,fearful
868,03-01-06-01-01-01-05.wav,868,emotion_speech,06,0,fearful
869,03-01-06-01-01-01-06.wav,869,emotion_speech,06,1,fearful
870,03-01-06-01-01-01-07.wav,870,emotion_speech,06,0,fearful
871,03-01-06-01-01-01-08.wav,871,emotion_speech,06,1,fearful
872,03-01-06-01-01-01-09.wav,872,emotion_speech,06,0,fearful
873,03-01-06-01-01-01-10.wav,873,emotion_speech,06,1,fearful
874,03-01-06-01-01-01-11.wav,874,emotion_speech,06,0,fearful
875,03-01-06-01-01-01-12.wav,875,emotion_speech,06,1,fearful
876,03-01-06-01-01-01-13.wav,876,emotion_speech,06,0,fearful
877,03-01-06-01-01-01-14.wav,877,emotion_speech,06,1,fearful
878,03-01-06-01-01-01-15.wav,878,emotion_speech,06,0,fearful
879,03-01-06-01-01-01-16.wav,879,emotion_speech,06,1,fearful
880,03-01-06-01-01-01-17.wav,880,emotion_speech,06,0,fearful
881,03-01-06-01-01-01-18.wav,881,emotion_speech,06,1,fearful
882,03-01-06-01-01-01-19.wav,882,emotion_speech,06,0,fearful
883,03-01-06-01-01-01-20.wav,883,emotion_speech,06,1,fearful
884,03-01-06-01-01-01-21.wav,884,emotion_speech,06,0,fearful
885,03-01-06-01-01-01-22.wav,885,emotion_speech,06,1,fearful
886,03-01-06-01-01-01-23.wav,886,emotion_speech,06,0,fearful
887,03-01-06-01-01-01-24.wav,887,emotion_speech,06,1,fearful
888,03-01-06-01-01-02-01.wav,888,emotion_speech,06,0,fearful
889,03-01-06-01-01-02-02.wav,889,emotion_speech,06,1,fearful
890,03-01-06-01-01-02-03.wav,890,emotion_speech,06,0,fearful
891,03-01-06-01-01-02-04.wav,891,emotion_speech,06,1,fearful
892,03-01-06-01-01-02-05.wav,892,emotion_speech,06,0,fearful
893,03-01-06-01-01-02-06.wav,893,emotion_speech,06,1,fearful
894,03-01-06-01-01-02-07.wav,894,emotion_speech,06,0,fearful
895,03-01-06-01-01-02-08.wav,895,emotion_speech,06,1,fearful
896,03-01-06-01-01-02-09.wav,896,emotion_speech,06,0,fearful
897,03-01-06-01-01-02-10.wav,897,emotion_speech,06,1,fearful
898,03-01-06-01-01-02-11.wav,898,emotion_speech,06,0,fearful
899,03-01-06-01-01-02-12.wav,899,emotion_speech,06,1,fearful
900,03-01-06-01-01-02-13.wav,900,emotion_speech,06,0,fearful
901,03-01-06-01-01-02-14.wav,901,emotion_speech,06,1,fearful
902,03-01-06-01-01-02-15.wav,902,emotion_speech,06,0,fearful
903,03-01-06-01-01-02-16.wav,903,emotion_speech,06,1,fearful
904,03-01-06-01-01-02-17.wav,904,emotion_speech,06,0,fearful
905,03-01-06-01-01-02-18.wav,905,emotion_speech,06,1,fearful
906,03-01-06-01-01-02-19.wav,906,emotion_speech,06,0,fearful
907,03-01-06-01-01-02-20.wav,907,emotion_speech,06,1,fearful
908,03-01-06-01-01-02-21.wav,908,emotion_speech,06,0,fearful
909,03-01-06-01-01-02-22.wav,909,emotion_speech,06,1,fearful
910,03-01-06-01-01-02-23.wav,910,emotion_speech,06,0,fearful
911,03-01-06-01-01-02-24.wav,911,emotion_speech,06,1,fearful
912,03-01-06-01-02-01-01.wav,912,emotion_speech,06,0,fearful
913,03-01-06-01-02-01-02.wav,913,emotion_speech,06,1,fearful
914,03-01-06-01-02-01-03.wav,914,emotion_speech,06,0,fearful
915,03-01-06-01-02-01-04.wav,915,emotion_speech,06,1,fearful
916,03-01-06-01-02-01-05.wav,916,emotion_speech,06,0,fearful
917,03-01-06-01-02-01-06.wav,917,emotion_speech,06,1,fearful
918,03-01-06-01-02-01-07.wav,918,emotion_speech,06,0,fearful
919,03-01-06-01-02-01-08.wav,919,emotion_speech,06,1,fearful
920,03-01-06-01-02-01-09.wav,920,emotion_speech,06,0,fearful
921,03-01-06-01-02-01-10.wav,921,emotion_speech,06,1,fearful
922,03-01-06-01-02-01-11.wav,922,emotion_speech,06,0,fearful
923,03-01-06-01-02-01-12.wav,923,emotion_speech,06,1,fearful
924,03-01-06-01-02-01-13.wav,924,emotion_speech,06,0,fearful
925,03-01-06-01-02-01-14.wav,925,emotion_speech,06,1,fearful
926,03-01-06-01-02-01-15.wav,926,emotion_speech,06,0,fearful
927,03-01-06-01-02-01-16.wav,927,emotion_speech,06,1,fearful
928,03-01-06-01-02-01-17.wav,928,emotion_speech,06,0,fearful
929,03-01-06-01-02-01-18.wav,929,emotion_speech,06,1,fearful
930,03-01-06-01-02-01-19.wav,930,emotion_speech,06,0,fearful
931,03-01-06-01-02-01-20.wav,931,emotion_speech,06,1,fearful
932,03-01-06-01-02-01-21.wav,932,emotion_speech,06,0,fearful
933,03-01-06-01-02-01-22.wav,933,emotion_speech,06,1,fearful
934,03-01-06-01-02-01-23.wav,934,emotion_speech,06,0,fearful
935,03-01-06-01-02-01-24.wav,935,emotion_speech,06,1,fearful
936,03-01-06-01-02-02-01.wav,936,emotion_speech,06,0,fearful
937,03-01-06-01-02-02-02.wav,937,emotion_speech,06,1,fearful
938,03-01-06-01-02-02-03.wav,938,emotion_speech,06,0,fearful
939,03-01-06-01-02-02-04.wav,939,emotion_speech,06,1,fearful
940,03-01-06-01-02-02-05.wav,940,emotion_speech,06,0,fearful
941,03-01-06-01-02-02-06.wav,941,emotion_speech,06,1,fearful
942,03-01-06-01-02-02-07.wav,942,emotion_speech,06,0,fearful
943,03-01-06-01-02-02-08.wav,943,emotion_speech,06,1,fearful
944,03-01-06-01-02-02-09.wav,944,emotion_speech,06,0,fearful
945,03-01-06-01-02-02-10.wav,945,emotion_speech,06,1,fearful
946,03-01-06-01-02-02-11.wav,946,emotion_speech,06,0,fearful
947,03-01-06-01-02-02-12.wav,947,emotion_speech,06,1,fearful
948,03-01-06-01-02-02-13.wav,948,emotion_speech,06,0,fearful
949,03-01-06-01-02-02-14.wav,949,emotion_speech,06,1,fearful
950,03-01-06-01-02-02-15.wav,950,emotion_speech,06,0,fearful
951,03-01-06-01-02-02-16.wav,951,emotion_speech,06,1,fearful
952,03-01-06-01-02-02-17.wav,952,emotion_speech,06,0,fearful
953,03-01-06-01-02-02-18.wav,953,emotion_speech,06,1,fearful
954,03-01-06-01-02-02-19.wav,954,emotion_speech,06,0,fearful
955,03-01-06-01-02-02-20.wav,955,emotion_speech,06,1,fearful
956,03-01-06-01-02-02-21.wav,956,emotion_speech,06,0,fearful
957,03-01-06-01-02-02-22.wav,957,emotion_speech,06,1,fearful
958,03-01-06-01-02-02-23.wav,958,emotion_speech,06,0,fearful
959,03-01-06-01-02-02-24.wav,959,emotion_speech,06,1,fearful
960,03-01-06-02-01-01-01.wav,960,emotion_speech,06,0,fearful
961,03-01-06-02-01-01-02.wav,961,emotion_speech,06,1,fearful
962,03-01-06-02-01-01-03.wav,962,emotion_speech,06,0,fearful
963,03-01-06-02-01-01-04.wav,963,emotion_speech,06,1,fearful
964,03-01-06-02-01-01-05.wav,964,emotion_speech,06,0,fearful
965,03-01-06-02-01-01-06.wav,965,emotion_speech,06,1,fearful
966,03-01-06-02-01-01-07.wav,966,emotion_speech,06,0,fearful
967,03-01-06-02-01-01-08.wav,967,emotion_speech,06,1,fearful
968,03-01-06-02-01-01-09.wav,968,emotion_speech,06,0,fearful
969,03-01-06-02-01-01-10.wav,969,emotion_speech,06,1,fearful
970,03-01-06-02-01-01-11.wav,970,emotion_speech,06,0,fearful
971,03-01-06-02-01-01-12.wav,971,emotion_speech,06,1,fearful
972,03-01-06-02-01-01-13.wav,972,emotion_speech,06,0,fearful
973,03-01-06-02-01-01-14.wav,973,emotion_speech,06,1,fearful
974,03-01-06-02-01-01-15.wav,974,emotion_speech,06,0,fearful
975,03-01-06-02-01-01-16.wav,975,emotion_speech,06,1,fearful
976,03-01-06-02-01-01-17.wav,976,emotion_speech,06,0,fearful
977,03-01-06-02-01-01-18.wav,977,emotion_speech,06,1,fearful
978,03-01-06-02-01-01-19.wav,978,emotion_speech,06,0,fearful
979,03-01-06-02-01-01-20.wav,979,emotion_speech,06,1,fearful
980,03-01-06-02-01-01-21.wav,980,emotion_speech,06,0,fearful
981,03-01-06-02-01-01-22.wav,981,emotion_speech,06,1,fearful
982,03-01-06-02-01-01-23.wav,982,emotion_speech,06,0,fearful
983,03-01-06-02-01-01-24.wav,983,emotion_speech,06,1,fearful
984,03-01-06-02-01-02-01.wav,984,emotion_speech,06,0,fearful
985,03-01-06-02-01-02-02.wav,985,emotion_speech,06,1,fearful
986,03-01-06-02-01-02-03.wav,986,emotion_speech,06,0,fearful
987,03-01-06-02-01-02-04.wav,987,emotion_speech,06,1,fearful
988,03-01-06-02-01-02-05.wav,988,emotion_speech,06,0,fearful
989,03-01-06-02-01-02-06.wav,989,emotion_speech,06,1,fearful
990,03-01-06-02-01-02-07.wav,990,emotion_speech,06,0,fearful
991,03-01-06-02-01-02-08.wav,991,emotion_speech,06,1,fearful
992,03-01-06-02-01-02-09.wav,992,emotion_speech,06,0,fearful
993,03-01-06-02-01-02-10.wav,993,emotion_speech,06,1,fearful
994,03-01-06-02-01-02-11.wav,994,emotion_speech,06,0,fearful
995,03-01-06-02-01-02-12.wav,995,emotion_speech,06,1,fearful
996,03-01-06-02-01-02-13.wav,996,emotion_speech,06,0,fearful
997,03-01-06-02-01-02-14.wav,997,emotion_speech,06,1,fearful
998,03-01-06-02-01-02-15.wav,998,emotion_speech,06,0,fearful
999,03-01-06-02-01-02-16.wav,999,emotion_speech,06,1,fearful
1000,03-01-06-02-01-02-17.wav,1000,emotion_speech,06,0,fearful
1001,03-01-06-02-01-02-18.wav,1001,emotion_speech,06,1,fearful
1002,03-01-06-02-01-02-19.wav,1002,emotion_speech,06,0,fearful
1003,03-01-06-02-01-02-20.wav,1003,emotion_speech,06,1,fearful
1004,03-01-06-02-01-02-21.wav,1004,emotion_speech,06,0,fearful
1005,03-01-06-02-01-02-22.wav,1005,emotion_speech,06,1,fearful
1006,03-01-06-02-01-02-23.wav,1006,emotion_speech,06,0,fearful
1007,03-01-06-02-01-02-24.wav,1007,emotion_speech,06,1,fearful
1008,03-01-06-02-02-01-01.wav,1008,emotion_speech,06,0,fearful
1009,03-01-06-02-02-01-02.wav,1009,emotion_speech,06,1,fearful
1010,03-01-06-02-02-01-03.wav,1010,emotion_speech,06,0,fearful
1011,03-01-06-02-02-01-04.wav,1011,emotion_speech,06,1,fearful
1012,03-01-06-02-02-01-05.wav,1012,emotion_speech,06,0,fearful
1013,03-01-06-02-02-01-06.wav,1013,emotion_speech,06,1,fearful
1014,03-01-06-02-02-01-07.wav,1014,emotion_speech,06,0,fearful
1015,03-01-06-02-02-01-08.wav,1015,emotion_speech,06,1,fearful
1016,03-01-06-02-02-01-09.wav,1016,emotion_speech,06,0,fearful
1017,03-01-06-02-02-01-10.wav,1017,emotion_speech,06,1,fearful
1018,03-01-06-02-02-01-11.wav,1018,emotion_speech,06,0,fearful
1019,03-01-06-02-02-01-12.wav,1019,emotion_speech,06,1,fearful
1020,03-01-06-02-02-01-13.wav,1020,emotion_speech,06,0,fearful
1021,03-01-06-02-02-01-14.wav,1021,emotion_speech,06,1,fearful
1022,03-01-06-02-02-01-15.wav,1022,emotion_speech,06,0,fearful
1023,03-01-06-02-02-01-16.wav,1023,emotion_speech,06,1,fearful
1024,03-01-06-02-02-01-17.wav,1024,emotion_speech,06,0,fearful
1025,03-01-06-02-02-01-18.wav,1025,emotion_speech,06,1,fearful
1026,03-01-06-02-02-01-19.wav,1026,emotion_speech,06,0,fearful
1027,03-01-06-02-02-01-20.wav,1027,emotion_speech,06,1,fearful
1028,03-01-06-02-02-01-21.wav,1028,emotion_speech,06,0,fearful
1029,03-01-06-02-02-01-22.wav,1029,emotion_speech,06,1,fearful
1030,03-01-06-02-02-01-23.wav,1030,emotion_speech,06,0,fearful
1031,03-01-06-02-02-01-24.wav,1031,emotion_speech,06,1,fearful
1032,03-01-06-02-02-02-01.wav,1032,emotion_speech,06,0,fearful
1033,03-01-06-02-02-02-02.wav,1033,emotion_speech,06,1,fearful
1034,03-01-06-02-02-02-03.wav,1034,emotion_speech,06,0,fearful
1035,03-01-06-02-02-02-04.wav,1035,emotion_speech,06,1,fearful
1036,03-01-06-02-02-02-05.wav,1036,emotion_speech,06,0,fearful
1037,03-01-06-02-02-02-06.wav,1037,emotion_speech,06,1,fearful
1038,03-01-06-02-02-02-07.wav,1038,emotion_speech,06,0,fearful
1039,03-01-06-02-02-02-08.wav,1039,emotion_speech,06,1,fearful
1040,03-01-06-02-02-02-09.wav,1040,emotion_speech,06,0,fearful
1041,03-01-06-02-02-02-10.wav,1041,emotion_speech,06,1,fearful
1042,03-01-06-02-02-02-11.wav,1042,emotion_speech,06,0,fearful
1043,03-01-06-02-02-02-12.wav,1043,emotion_speech,06,1,fearful
1044,03-01-06-02-02-02-13.wav,1044,emotion_speech,06,0,fearful
1045,03-01-06-02-02-02-14.wav,1045,emotion_speech,06,1,fearful
1046,03-01-06-02-02-02-15.wav,1046,emotion_speech,06,0,fearful
1047,03-01-06-02-02-02-16.wav,1047,emotion_speech,06,1,fearful
1048,03-01-06-02-02-02-17.wav,1048,emotion_speech,06,0,fearful
1049,03-01-06-02-02-02-18.wav,1049,emotion_speech,06,1,fearful
1050,03-01-06-02-02-02-19.wav,1050,emotion_speech,06,0,fearful
1051,03-01-06-02-02-02-20.wav,1051,emotion_speech,06,1,fearful
1052,03-01-06-02-02-02-21.wav,1052,emotion_speech,06,0,fearful
1053,03-01-06-02-02-02-22.wav,1053,emotion_speech,06,1,fearful
1054,03-01-06-02-02-02-23.wav,1054,emotion_speech,06,0,fearful
1055,03-01-06-02-02-02-24.wav,1055,emotion_speech,06,1,fearful
1056,03-01-07-01-01-01-01.wav,1056,emotion_speech,07,0,disgust
1057,03-01-07-01-01-01-02.wav,1057,emotion_speech,07,1,disgust
1058,03-01-07-01-01-01-03.wav,1058,emotion_speech,07,0,disgust
1059,03-01-07-01-01-01-04.wav,1059,emotion_speech,07,1,disgust
1060,03-01-07-01-01-01-05.wav,1060,emotion_speech,07,0,disgust
1061,03-01-07-01-01-01-06.wav,1061,emotion_speech,07,1,disgust
1062,03-01-07-01-01-01-07.wav,1062,emotion_speech,07,0,disgust
1063,03-01-07-01-01-01-08.wav,1063,emotion_speech,07,1,disgust
1064,03-01-07-01-01-01-09.wav,1064,emotion_speech,07,0,disgust
1065,03-01-07-01-01-01-10.wav,1065,emotion_speech,07,1,disgust
1066,03-01-07-01-01-01-11.wav,1066,emotion_speech,07,0,disgust
1067,03-01-07-01-01-01-12.wav,1067,emotion_speech,07,1,disgust
1068,03-01-07-01-01-01-13.wav,1068,emotion_speech,07,0,disgust
1069,03-01-07-01-01-01-14.wav,1069,emotion_speech,07,1,disgust
1070,03-01-07-01-01-01-15.wav,1070,emotion_speech,07,0,disgust
1071,03-01-07-01-01-01-16.wav,1071,emotion_speech,07,1,disgust
1072,03-01-07-01-01-01-17.wav,1072,emotion_speech,07,0,disgust
1073,03-01-07-01-01-01-18.wav,1073,emotion_speech,07,1,disgust
1074,03-01-07-01-01-01-19.wav,1074,emotion_speech,07,0,disgust
1075,03-01-07-01-01-01-20.wav,1075,emotion_speech,07,1,disgust
1076,03-01-07-01-01-01-21.wav,1076,emotion_speech,07,0,disgust
1077,03-01-07-01-01-01-22.wav,1077,emotion_speech,07,1,disgust
1078,03-01-07-01-01-01-23.wav,1078,emotion_speech,07,0,disgust
1079,03-01-07-01-01-01-24.wav,1079,emotion_speech,07,1,disgust
1080,03-01-07-01-01-02-01.wav,1080,emotion_speech,07,0,disgust
1081,03-01-07-01-01-02-02.wav,1081,emotion_speech,07,1,disgust
1082,03-01-07-01-01-02-03.wav,1082,emotion_speech,07,0,disgust
1083,03-01-07-01-01-02-04.wav,1083,emotion_speech,07,1,disgust
1084,03-01-07-01-01-02-05.wav,1084,emotion_speech,07,0,disgust
1085,03-01-07-01-01-02-06.wav,1085,emotion_speech,07,1,disgust
1086,03-01-07-01-01-02-07.wav,1086,emotion_speech,07,0,disgust
1087,03-01-07-01-01-02-08.wav,1087,emotion_speech,07,1,disgust
1088,03-01-07-01-01-02-09.wav,1088,emotion_speech,07,0,disgust
1089,03-01-07-01-01-02-10.wav,1089,emotion_speech,07,1,disgust
1090,03-01-07-01-01-02-11.wav,1090,emotion_speech,07,0,disgust
1091,03-01-07-01-01-02-12.wav,1091,emotion_speech,07,1,disgust
1092,03-01-07-01-01-02-13.wav,1092,emotion_speech,07,0,disgust
1093,03-01-07-01-01-02-14.wav,1093,emotion_speech,07,1,disgust
1094,03-01-07-01-01-02-15.wav,1094,emotion_speech,07,0,disgust
1095,03-01-07-01-01-02-16.wav,1095,emotion_speech,07,1,disgust
1096,03-01-07-01-01-02-17.wav,1096,emotion_speech,07,0,disgust
1097,03-01-07-01-01-02-18.wav,1097,emotion_speech,07,1,disgust
1098,03-01-07-01-01-02-19.wav,1098,emotion_speech,07,0,disgust
1099,03-01-07-01-01-02-20.wav,1099,emotion_speech,07,1,disgust
1100,03-01-07-01-01-02-21.wav,1100,emotion_speech,07,0,disgust
1101,03-01-07-01-01-02-22.wav,1101,emotion_speech,07,1,disgust
1102,03-01-07-01-01-02-23.wav,1102,emotion_speech,07,0,disgust
1103,03-01-07-01-01-02-24.wav,1103,emotion_speech,07,1,disgust
1104,03-01-07-01-02-01-01.wav,1104,emotion_speech,07,0,disgust
1105,03-01-07-01-02-01-02.wav,1105,emotion_speech,07,1,disgust
1106,03-01-07-01-02-01-03.wav,1106,emotion_speech,07,0,disgust
1107,03-01-07-01-02-01-04.wav,1107,emotion_speech,07,1,disgust
1108,03-01-07-01-02-01-05.wav,1108,emotion_speech,07,0,disgust
1109,03-01-07-01-02-01-06.wav,1109,emotion_speech,07,1,disgust
1110,03-01-07-01-02-01-07.wav,1110,emotion_speech,07,0,disgust
1111,03-01-07-01-02-01-08.wav,1111,emotion_speech,07,1,disgust
1112,03-01-07-01-02-01-09.wav,1112,emotion_speech,07,0,disgust
1113,03-01-07-01-02-01-10.wav,1113,emotion_speech,07,1,disgust
1114,03-01-07-01-02-01-11.wav,1114,emotion_speech,07,0,disgust
1115,03-01-07-01-02-01-12.wav,1115,emotion_speech,07,1,disgust
1116,03-01-07-01-02-01-13.wav,1116,emotion_speech,07,0,disgust
1117,03-01-07-01-02-01-14.wav,1117,emotion_speech,07,1,disgust
1118,03-01-07-01-02-01-15.wav,1118,emotion_speech,07,0,disgust
1119,03-01-07-01-02-01-16.wav,1119,emotion_speech,07,1,disgust
1120,03-01-07-01-02-01-17.wav,1120,emotion_speech,07,0,disgust
1121,03-01-07-01-02-01-18.wav,1121,emotion_speech,07,1,disgust
1122,03-01-07-01-02-01-19.wav,1122,emotion_speech,07,0,disgust
1123,03-01-07-01-02-01-20.wav,1123,emotion_speech,07,1,disgust
1124,03-01-07-01-02-01-21.wav,1124,emotion_speech,07,0,disgust
1125,03-01-07-01-02-01-22.wav,1125,emotion_speech,07,1,disgust
1126,03-01-07-01-02-01-23.wav,1126,emotion_speech,07,0,disgust
1127,03-01-07-01-02-01-24.wav,1127,emotion_speech,07,1,disgust
1128,03-01-07-01-02-02-01.wav,1128,emotion_speech,07,0,disgust
1129,03-01-07-01-02-02-02.wav,1129,emotion_speech,07,1,disgust
1130,03-01-07-01-02-02-03.wav,1130,emotion_speech,07,0,disgust
1131,03-01-07-01-02-02-04.wav,1131,emotion_speech,07,1,disgust
1132,03-01-07-01-02-02-05.wav,1132,emotion_speech,07,0,disgust
1133,03-01-07-01-02-02-06.wav,1133,emotion_speech,07,1,disgust
1134,03-01-07-01-02-02-07.wav,1134,emotion_speech,07,0,disgust
1135,03-01-07-01-02-02-08.wav,1135,emotion_speech,07,1,disgust
1136,03-01-07-01-02-02-09.wav,1136,emotion_speech,07,0,disgust
1137,03-01-07-01-02-02-10.wav,1137,emotion_speech,07,1,disgust
1138,03-01-07-01-02-02-11.wav,1138,emotion_speech,07,0,disgust
1139,03-01-07-01-02-02-12.wav,1139,emotion_speech,07,1,disgust
1140,03-01-07-01-02-02-13.wav,1140,emotion_speech,07,0,disgust
1141,03-01-07-01-02-02-14.wav,1141,emotion_speech,07,1,disgust
1142,03-01-07-01-02-02-15.wav,1142,emotion_speech,07,0,disgust
1143,03-01-07-01-02-02-16.wav,1143,emotion_speech,07,1,disgust
1144,03-01-07-01-02-02-17.wav,1144,emotion_speech,07,0,disgust
1145,03-01-07-01-02-02-18.wav,1145,emotion_speech,07,1,disgust
1146,03-01-07-01-02-02-19.wav,1146,emotion_speech,07,0,disgust
1147,03-01-07-01-02-02-20.wav,1147,emotion_speech,07,1,disgust
1148,03-01-07-01-02-02-21.wav,1148,emotion_speech,07,0,disgust
1149,03-01-07-01-02-02-22.wav,1149,emotion_speech,07,1,disgust
1150,03-01-07-01-02-02-23.wav,1150,emotion_speech,07,0,disgust
1151,03-01-07-01-02-02-24.wav,1151,emotion_speech,07,1,disgust
1152,03-01-07-02-01-01-01.wav,1152,emotion_speech,07,0,disgust
1153,03-01-07-02-01-01-02.wav,1153,emotion_speech,07,1,disgust
1154,03-01-07-02-01-01-03.wav,1154,emotion_speech,07,0,disgust
1155,03-01-07-02-01-01-04.wav,1155,emotion_speech,07,1,disgust
1156,03-01-07-02-01-01-05.wav,1156,emotion_speech,07,0,disgust
1157,03-01-07-02-01-01-06.wav,1157,emotion_speech,07,1,disgust
1158,03-01-07-02-01-01-07.wav,1158,emotion_speech,07,0,disgust
1159,03-01-07-02-01-01-08.wav,1159,emotion_speech,07,1,disgust
1160,03-01-07-02-01-01-09.wav,1160,emotion_speech,07,0,disgust
1161,03-01-07-02-01-01-10.wav,1161,emotion_speech,07,1,disgust
1162,03-01-07-02-01-01-11.wav,1162,emotion_speech,07,0,disgust
1163,03-01-07-02-01-01-12.wav,1163,emotion_speech,07,1,disgust
1164,03-01-07-02-01-01-13.wav,1164,emotion_speech,07,0,disgust
1165,03-01-07-02-01-01-14.wav,1165,emotion_speech,07,1,disgust
1166,03-01-07-02-01-01-15.wav,1166,emotion_speech,07,0,disgust
1167,03-01-07-02-01-01-16.wav,1167,emotion_speech,07,1,disgust
1168,03-01-07-02-01-01-17.wav,1168,emotion_speech,07,0,disgust
1169,03-01-07-02-01-01-18.wav,1169,emotion_speech,07,1,disgust
1170,03-01-07-02-01-01-19.wav,1170,emotion_speech,07,0,disgust
1171,03-01-07-02-01-01-20.wav,1171,emotion_speech,07,1,disgust
1172,03-01-07-02-01-01-21.wav,1172,emotion_speech,07,0,disgust
1173,03-01-07-02-01-01-22.wav,1173,emotion_speech,07,1,disgust
1174,03-01-07-02-01-01-23.wav,1174,emotion_speech,07,0,disgust
1175,03-01-07-02-01-01-24.wav,1175,emotion_speech,07,1,disgust
1176,03-01-07-02-01-02-01.wav,1176,emotion_speech,07,0,disgust
1177,03-01-07-02-01-02-02.wav,1177,emotion_speech,07,1,disgust
1178,03-01-07-02-01-02-03.wav,1178,emotion_speech,07,0,disgust
1179,03-01-07-02-01-02-04.wav,1179,emotion_speech,07,1,disgust
1180,03-01-07-02-01-02-05.wav,1180,emotion_speech,07,0,disgust
1181,03-01-07-02-01-02-06.wav,1181,emotion_speech,07,1,disgust
1182,03-01-07-02-01-02-07.wav,1182,emotion_speech,07,0,disgust
1183,03-01-07-02-01-02-08.wav,1183,emotion_speech,07,1,disgust
1184,03-01-07-02-01-02-09.wav,1184,emotion_speech,07,0,disgust
1185,03-01-07-02-01-02-10.wav,1185,emotion_speech,07,1,disgust
1186,03-01-07-02-01-02-11.wav,1186,emotion_speech,07,0,disgust
1187,03-01-07-02-01-02-12.wav,1187,emotion_speech,07,1,disgust
1188,03-01-07-02-01-02-13.wav,1188,emotion_speech,07,0,disgust
1189,03-01-07-02-01-02-14.wav,1189,emotion_speech,07,1,disgust
1190,03-01-07-02-01-02-15.wav,1190,emotion_speech,07,0,disgust
1191,03-01-07-02-01-02-16.wav,1191,emotion_speech,07,1,disgust
1192,03-01-07-02-01-02-17.wav,1192,emotion_speech,07,0,disgust
1193,03-01-07-02-01-02-18.wav,1193,emotion_speech,07,1,disgust
1194,03-01-07-02-01-02-19.wav,1194,emotion_speech,07,0,disgust
1195,03-01-07-02-01-02-20.wav,1195,emotion_speech,07,1,disgust
1196,03-01-07-02-01-02-21.wav,1196,emotion_speech,07,0,disgust
1197,03-01-07-02-01-02-22.wav,1197,emotion_speech,07,1,disgust
1198,03-01-07-02-01-02-23.wav,1198,emotion_speech,07,0,disgust
1199,03-01-07-02-01-02-24.wav,1199,emotion_speech,07,1,disgust
1200,03-01-07-02-02-01-01.wav,1200,emotion_speech,07,0,disgust
1201,03-01-07-02-02-01-02.wav,1201,emotion_speech,07,1,disgust
1202,03-01-07-02-02-01-03.wav,1202,emotion_speech,07,0,disgust
1203,03-01-07-02-02-01-04.wav,1203,emotion_speech,07,1,disgust
1204,03-01-07-02-02-01-05.wav,1204,emotion_speech,07,0,disgust
1205,03-01-07-02-02-01-06.wav,1205,emotion_speech,07,1,disgust
1206,03-01-07-02-02-01-07.wav,1206,emotion_speech,07,0,disgust
1207,03-01-07-02-02-01-08.wav,1207,emotion_speech,07,1,disgust
1208,03-01-07-02-02-01-09.wav,1208,emotion_speech,07,0,disgust
1209,03-01-07-02-02-01-10.wav,1209,emotion_speech,07,1,disgust
1210,03-01-07-02-02-01-11.wav,1210,emotion_speech,07,0,disgust
1211,03-01-07-02-02-01-12.wav,1211,emotion_speech,07,1,disgust
1212,03-01-07-02-02-01-13.wav,1212,emotion_speech,07,0,disgust
1213,03-01-07-02-02-01-14.wav,1213,emotion_speech,07,1,disgust
1214,03-01-07-02-02-01-15.wav,1214,emotion_speech,07,0,disgust
1215,03-01-07-02-02-01-16.wav,1215,emotion_speech,07,1,disgust
1216,03-01-07-02-02-01-17.wav,1216,emotion_speech,07,0,disgust
1217,03-01-07-02-02-01-18.wav,1217,emotion_speech,07,1,disgust
1218,03-01-07-02-02-01-19.wav,1218,emotion_speech,07,0,disgust
1219,03-01-07-02-02-01-20.wav,1219,emotion_speech,07,1,disgust
1220,03-01-07-02-02-01-21.wav,1220,emotion_speech,07,0,disgust
1221,03-01-07-02-02-01-22.wav,1221,emotion_speech,07,1,disgust
1222,03-01-07-02-02-01-23.wav,1222,emotion_speech,07,0,disgust
1223,03-01-07-02-02-01-24.wav,1223,emotion_speech,07,1,disgust
1224,03-01-07-02-02-02-01.wav,1224,emotion_speech,07,0,disgust
1225,03-01-07-02-02-02-02.wav,1225,emotion_speech,07,1,disgust
1226,03-01-07-02-02-02-03.wav,1226,emotion_speech,07,0,disgust
1227,03-01-07-02-02-02-04.wav,1227,emotion_speech,07,1,disgust
1228,03-01-07-02-02-02-05.wav,1228,emotion_speech,07,0,disgust
1229,03-01-07-02-02-02-06.wav,1229,emotion_speech,07,1,disgust
1230,03-01-07-02-02-02-07.wav,1230,emotion_speech,07,0,disgust
1231,03-01-07-02-02-02-08.wav,1231,emotion_speech,07,1,disgust
1232,03-01-07-02-02-02-09.wav,1232,emotion_speech,07,0,disgust
1233,03-01-07-02-02-02-10.wav,1233,emotion_speech,07,1,disgust
1234,03-01-07-02-02-02-11.wav,1234,emotion_speech,07,0,disgust
1235,03-01-07-02-02-02-12.wav,1235,emotion_speech,07,1,disgust
1236,03-01-07-02-02-02-13.wav,1236,emotion_speech,07,0,disgust
1237,03-01-07-02-02-02-14.wav,1237,emotion_speech,07,1,disgust
1238,03-01-07-02-02-02-15.wav,1238,emotion_speech,07,0,disgust
1239,03-01-07-02-02-02-16.wav,1239,emotion_speech,07,1,disgust
1240,03-01-07-02-02-02-17.wav,1240,emotion_speech,07,0,disgust
1241,03-01-07-02-02-02-18.wav,1241,emotion_speech,07,1,disgust
1242,03-01-07-02-02-02-19.wav,1242,emotion_speech,07,0,disgust
1243,03-01-07-02-02-02-20.wav,1243,emotion_speech,07,1,disgust
1244,03-01-07-02-02-02-21.wav,1244,emotion_speech,07,0,disgust
1245,03-01-07-02-02-02-22.wav,1245,emotion_speech,07,1,disgust
1246,03-01-07-02-02-02-23.wav,1246,emotion_speech,07,0,disgust
1247,03-01-07-02-02-02-24.wav,1247,emotion_speech,07,1,disgust
1248,03-01-08-01-01-01-01.wav,1248,emotion_speech,08,0,surprise
1249,03-01-08-01-01-01-02.wav,1249,emotion_speech,08,1,surprise
1250,03-01-08-01-01-01-03.wav,1250,emotion_speech,08,0,surprise
1251,03-01-08-01-01-01-04.wav,1251,emotion_speech,08,1,surprise
1252,03-01-08-01-01-01-05.wav,1252,emotion_speech,08,0,surprise
1253,03-01-08-01-01-01-06.wav,1253,emotion_speech,08,1,surprise
1254,03-01-08-01-01-01-07.wav,1254,emotion_speech,08,0,surprise
1255,03-01-08-01-01-01-08.wav,1255,emotion_speech,08,1,surprise
1256,03-01-08-01-01-01-09.wav,1256,emotion_speech,08,0,surprise
1257,03-01-08-01-01-01-10.wav,1257,emotion_speech,08,1,surprise
1258,03-01-08-01-01-01-11.wav,1258,emotion_speech,08,0,surprise
1259,03-01-08-01-01-01-12.wav,1259,emotion_speech,08,1,surprise
1260,03-01-08-01-01-01-13.wav,1260,emotion_speech,08,0,surprise
1261,03-01-08-01-01-01-14.wav,1261,emotion_speech,08,1,surprise
1262,03-01-08-01-01-01-15.wav,1262,emotion_speech,08,0,surprise
1263,03-01-08-01-01-01-16.wav,1263,emotion_speech,08,1,surprise
1264,03-01-08-01-01-01-17.wav,1264,emotion_speech,08,0,surprise
1265,03-01-08-01-01-01-18.wav,1265,emotion_speech,08,1,surprise
1266,03-01-08-01-01-01-19.wav,1266,emotion_speech,08,0,surprise
1267,03-01-08-01-01-01-20.wav,1267,emotion_speech,08,1,surprise
1268,03-01-08-01-01-01-21.wav,1268,emotion_speech,08,0,surprise
1269,03-01-08-01-01-01-22.wav,1269,emotion_speech,08,1,surprise
1270,03-01-08-01-01-01-23.wav,1270,emotion_speech,08,0,surprise
1271,03-01-08-01-01-01-24.wav,1271,emotion_speech,08,1,surprise
1272,03-01-08-01-01-02-01.wav,1272,emotion_speech,08,0,surprise
1273,03-01-08-01-01-02-02.wav,1273,emotion_speech,08,1,surprise
1274,03-01-08-01-01-02-03.wav,1274,emotion_speech,08,0,surprise
1275,03-01-08-01-01-02-04.wav,1275,emotion_speech,08,1,surprise
1276,03-01-08-01-01-02-05.wav,1276,emotion_speech,08,0,surprise
1277,03-01-08-01-01-02-06.wav,1277,emotion_speech,08,1,surprise
1278,03-01-08-01-01-02-07.wav,1278,emotion_speech,08,0,surprise
1279,03-01-08-01-01-02-08.wav,1279,emotion_speech,08,1,surprise
1280,03-01-08-01-01-02-09.wav,1280,emotion_speech,08,0,surprise
1281,03-01-08-01-01-02-10.wav,1281,emotion_speech,08,1,surprise
1282,03-01-08-01-01-02-11.wav,1282,emotion_speech,08,0,surprise
1283,03-01-08-01-01-02-12.wav,1283,emotion_speech,08,1,surprise
1284,03-01-08-01-01-02-13.wav,1284,emotion_speech,08,0,surprise
1285,03-01-08-01-01-02-14.wav,1285,emotion_speech,08,1,surprise
1286,03-01-08-01-01-02-15.wav,1286,emotion_speech,08,0,surprise
1287,03-01-08-01-01-02-16.wav,1287,emotion_speech,08,1,surprise
1288,03-01-08-01-01-02-17.wav,1288,emotion_speech,08,0,surprise
1289,03-01-08-01-01-02-18.wav,1289,emotion_speech,08,1,surprise
1290,03-01-08-01-01-02-19.wav,1290,emotion_speech,08,0,surprise
1291,03-01-08-01-01-02-20.wav,1291,emotion_speech,08,1,surprise
1292,03-01-08-01-01-02-21.wav,1292,emotion_speech,08,0,surprise
1293,03-01-08-01-01-02-22.wav,1293,emotion_speech,08,1,surprise
1294,03-01-08-01-01-02-23.wav,1294,emotion_speech,08,0,surprise
1295,03-01-08-01-01-02-24.wav,1295,emotion_speech,08,1,surprise
1296,03-01-08-01-02-01-01.wav,1296,emotion_speech,08,0,surprise
1297,03-01-08-01-02-01-02.wav,1297,emotion_speech,08,1,surprise
1298,03-01-08-01-02-01-03.wav,1298,emotion_speech,08,0,surprise
1299,03-01-08-01-02-01-04.wav,1299,emotion_speech,08,1,surprise
1300,03-01-08-01-02-01-05.wav,1300,emotion_speech,08,0,surprise
1301,03-01-08-01-02-01-06.wav,1301,emotion_speech,08,1,surprise
1302,03-01-08-01-02-01-07.wav,1302,emotion_speech,08,0,surprise
1303,03-01-08-01-02-01-08.wav,1303,emotion_speech,08,1,surprise
1304,03-01-08-01-02-01-09.wav,1304,emotion_speech,08,0,surprise
1305,03-01-08-01-02-01-10.wav,1305,emotion_speech,08,1,surprise
1306,03-01-08-01-02-01-11.wav,1306,emotion_speech,08,0,surprise
1307,03-01-08-01-02-01-12.wav,1307,emotion_speech,08,1,surprise
1308,03-01-08-01-02-01-13.wav,1308,emotion_speech,08,0,surprise
1309,03-01-08-01-02-01-14.wav,1309,emotion_speech,08,1,surprise
1310,03-01-08-01-02-01-15.wav,1310,emotion_speech,08,0,surprise
1311,03-01-08-01-02-01-16.wav,1311,emotion_speech,08,1,surprise
1312,03-01-08-01-02-01-17.wav,1312,emotion_speech,08,0,surprise
1313,03-01-08-01-02-01-18.wav,1313,emotion_speech,08,1,surprise
1314,03-01-08-01-02-01-19.wav,1314,emotion_speech,08,0,surprise
1315,03-01-08-01-02-01-20.wav,1315,emotion_speech,08,1,surprise
1316,03-01-08-01-02-01-21.wav,1316,emotion_speech,08,0,surprise
1317,03-01-08-01-02-01-22.wav,1317,emotion_speech,08,1,surprise
1318,03-01-08-01-02-01-23.wav,1318,emotion_speech,08,0,surprise
1319,03-01-08-01-02-01-24.wav,1319,emotion_speech,08,1,surprise
1320,03-01-08-01-02-02-01.wav,1320,emotion_speech,08,0,surprise
1321,03-01-08-01-02-02-02.wav,1321,emotion_speech,08,1,surprise
1322,03-01-08-01-02-02-03.wav,1322,emotion_speech,08,0,surprise
1323,03-01-08-01-02-02-04.wav,1323,emotion_speech,08,1,surprise
1324,03-01-08-01-02-02-05.wav,1324,emotion_speech,08,0,surprise
1325,03-01-08-01-02-02-06.wav,1325,emotion_speech,08,1,surprise
1326,03-01-08-01-02-02-07.wav,1326,emotion_speech,08,0,surprise
1327,03-01-08-01-02-02-08.wav,1327,emotion_speech,08,1,surprise
1328,03-01-08-01-02-02-09.wav,1328,emotion_speech,08,0,surprise
1329,03-01-08-01-02-02-10.wav,1329,emotion_speech,08,1,surprise
1330,03-01-08-01-02-02-11.wav,1330,emotion_speech,08,0,surprise
1331,03-01-08-01-02-02-12.wav,1331,emotion_speech,08,1,surprise
1332,03-01-08-01-02-02-13.wav,1332,emotion_speech,08,0,surprise
1333,03-01-08-01-02-02-14.wav,1333,emotion_speech,08,1,surprise
1334,03-01-08-01-02-02-15.wav,1334,emotion_speech,08,0,surprise
1335,03-01-08-01-02-02-16.wav,1335,emotion_speech,08,1,surprise
1336,03-01-08-01-02-02-17.wav,1336,emotion_speech,08,0,surprise
1337,03-01-08-01-02-02-18.wav,1337,emotion_speech,08,1,surprise
1338,03-01-08-01-02-02-19.wav,1338,emotion_speech,08,0,surprise
1339,03-01-08-01-02-02-20.wav,1339,emotion_speech,08,1,surprise
1340,03-01-08-01-02-02-21.wav,1340,emotion_speech,08,0,surprise
1341,03-01-08-01-02-02-22.wav,1341,emotion_speech,08,1,surprise
1342,03-01-08-01-02-02-23.wav,1342,emotion_speech,08,0,surprise
1343,03-01-08-01-02-02-24.wav,1343,emotion_speech,08,1,surprise
1344,03-01-08-02-01-01-01.wav,1344,emotion_speech,08,0,surprise
1345,03-01-08-02-01-01-02.wav,1345,emotion_speech,08,1,surprise
1346,03-01-08-02-01-01-03.wav,1346,emotion_speech,08,0,surprise
1347,03-01-08-02-01-01-04.wav,1347,emotion_speech,08,1,surprise
1348,03-01-08-02-01-01-05.wav,1348,emotion_speech,08,0,surprise
1349,03-01-08-02-01-01-06.wav,1349,emotion_speech,08,1,surprise
1350,03-01-08-02-01-01-07.wav,1350,emotion_speech,08,0,surprise
1351,03-01-08-02-01-01-08.wav,1351,emotion_speech,08,1,surprise
1352,03-01-08-02-01-01-09.wav,1352,emotion_speech,08,0,surprise
1353,03-01-08-02-01-01-10.wav,1353,emotion_speech,08,1,surprise
1354,03-01-08-02-01-01-11.wav,1354,emotion_speech,08,0,surprise
1355,03-01-08-02-01-01-12.wav,1355,emotion_speech,08,1,surprise
1356,03-01-08-02-01-01-13.wav,1356,emotion_speech,08,0,surprise
1357,03-01-08-02-01-01-14.wav,1357,emotion_speech,08,1,surprise
1358,03-01-08-02-01-01-15.wav,1358,emotion_speech,08,0,surprise
1359,03-01-08-02-01-01-16.wav,1359,emotion_speech,08,1,surprise
1360,03-01-08-02-01-01-17.wav,1360,emotion_speech,08,0,surprise
1361,03-01-08-02-01-01-18.wav,1361,emotion_speech,08,1,surprise
1362,03-01-08-02-01-01-19.wav,1362,emotion_speech,08,0,surprise
1363,03-01-08-02-01-01-20.wav,1363,emotion_speech,08,1,surprise
1364,03-01-08-02-01-01-21.wav,1364,emotion_speech,08,0,surprise
1365,03-01-08-02-01-01-22.wav,1365,emotion_speech,08,1,surprise
1366,03-01-08-02-01-01-23.wav,1366,emotion_speech,08,0,surprise
1367,03-01-08-02-01-01-24.wav,1367,emotion_speech,08,1,surprise
1368,03-01-08-02-01-02-01.wav,1368,emotion_speech,08,0,surprise
1369,03-01-08-02-01-02-02.wav,1369,emotion_speech,08,1,surprise
1370,03-01-08-02-01-02-03.wav,1370,emotion_speech,08,0,surprise
1371,03-01-08-02-01-02-04.wav,1371,emotion_speech,08,1,surprise
1372,03-01-08-02-01-02-05.wav,1372,emotion_speech,08,0,surprise
1373,03-01-08-02-01-02-06.wav,1373,emotion_speech,08,1,surprise
1374,03-01-08-02-01-02-07.wav,1374,emotion_speech,08,0,surprise
1375,03-01-08-02-01-02-08.wav,1375,emotion_speech,08,1,surprise
1376,03-01-08-02-01-02-09.wav,1376,emotion_speech,08,0,surprise
1377,03-01-08-02-01-02-10.wav,1377,emotion_speech,08,1,surprise
1378,03-01-08-02-01-02-11.wav,1378,emotion_speech,08,0,surprise
1379,03-01-08-02-01-02-12.wav,1379,emotion_speech,08,1,surprise
1380,03-01-08-02-01-02-13.wav,1380,emotion_speech,08,0,surprise
1381,03-01-08-02-01-02-14.wav,1381,emotion_speech,08,1,surprise
1382,03-01-08-02-01-02-15.wav,1382,emotion_speech,08,0,surprise
1383,03-01-08-02-01-02-16.wav,1383,emotion_speech,08,1,surprise
1384,03-01-08-02-01-02-17.wav,1384,emotion_speech,08,0,surprise
1385,03-01-08-02-01-02-18.wav,1385,emotion_speech,08,1,surprise
1386,03-01-08-02-01-02-19.wav,1386,emotion_speech,08,0,surprise
1387,03-01-08-02-01-02-20.wav,1387,emotion_speech,08,1,surprise
1388,03-01-08-02-01-02-21.wav,1388,emotion_speech,08,0,surprise
1389,03-01-08-02-01-02-22.wav,1389,emotion_speech,08,1,surprise
1390,03-01-08-02-01-02-23.wav,1390,emotion_speech,08,0,surprise
1391,03-01-08-02-01-02-24.wav,1391,emotion_speech,08,1,surprise
1392,03-01-08-02-02-01-01.wav,1392,emotion_speech,08,0,surprise
1393,03-01-08-02-02-01-02.wav,1393,emotion_speech,08,1,surprise
1394,03-01-08-02-02-01-03.wav,1394,emotion_speech,08,0,surprise
1395,03-01-08-02-02-01-04.wav,1395,emotion_speech,08,1,surprise
1396,03-01-08-02-02-01-05.wav,1396,emotion_speech,08,0,surprise
1397,03-01-08-02-02-01-06.wav,1397,emotion_speech,08,1,surprise
1398,03-01-08-02-02-01-07.wav,1398,emotion_speech,08,0,surprise
1399,03-01-08-02-02-01-08.wav,1399,emotion_speech,08,1,surprise
1400,03-01-08-02-02-01-09.wav,1400,emotion_speech,08,0,surprise
1401,03-01-08-02-02-01-10.wav,1401,emotion_speech,08,1,surprise
1402,03-01-08-02-02-01-11.wav,1402,emotion_speech,08,0,surprise
1403,03-01-08-02-02-01-12.wav,1403,emotion_speech,08,1,surprise
1404,03-01-08-02-02-01-13.wav,1404,emotion_speech,08,0,surprise
1405,03-01-08-02-02-01-14.wav,1405,emotion_speech,08,1,surprise
1406,03-01-08-02-02-01-15.wav,1406,emotion_speech,08,0,surprise
1407,03-01-08-02-02-01-16.wav,1407,emotion_speech,08,1,surprise
1408,03-01-08-02-02-01-17.wav,1408,emotion_speech,08,0,surprise
1409,03-01-08-02-02-01-18.wav,1409,emotion_speech,08,1,surprise
1410,03-01-08-02-02-01-19.wav,1410,emotion_speech,08,0,surprise
1411,03-01-08-02-02-01-20.wav,1411,emotion_speech,08,1,surprise
1412,03-01-08-02-02-01-21.wav,1412,emotion_speech,08,0,surprise
1413,03-01-08-02-02-01-22.wav,1413,emotion_speech,08,1,surprise
1414,03-01-08-02-02-01-23.wav,1414,emotion_speech,08,0,surprise
1415,03-01-08-02-02-01-24.wav,1415,emotion_speech,08,1,surprise
1416,03-01-08-02-02-02-01.wav,1416,emotion_speech,08,0,surprise
1417,03-01-08-02-02-02-02.wav,1417,emotion_speech,08,1,surprise
1418,03-01-08-02-02-02-03.wav,1418,emotion_speech,08,0,surprise
1419,03-01-08-02-02-02-04.wav,1419,emotion_speech,08,1,surprise
1420,03-01-08-02-02-02-05.wav,1420,emotion_speech,08,0,surprise
1421,03-01-08-02-02-02-06.wav,1421,emotion_speech,08,1,surprise
1422,03-01-08-02-02-02-07.wav,1422,emotion_speech,08,0,surprise
1423,03-01-08-02-02-02-08.wav,1423,emotion_speech,08,1,surprise
1424,03-01-08-02-02-02-09.wav,1424,emotion_speech,08,0,surprise
1425,03-01-08-02-02-02-10.wav,1425,emotion_speech,08,1,surprise
1426,03-01-08-02-02-02-11.wav,1426,emotion_speech,08,0,surprise
1427,03-01-08-02-02-02-12.wav,1427,emotion_speech,08,1,surprise
1428,03-01-08-02-02-02-13.wav,1428,emotion_speech,08,0,surprise
1429,03-01-08-02-02-02-14.wav,1429,emotion_speech,08,1,surprise
1430,03-01-08-02-02-02-15.wav,1430,emotion_speech,08,0,surprise
1431,03-01-08-02-02-02-16.wav,1431,emotion_speech,08,1,surprise
1432,03-01-08-02-02-02-17.wav,1432,emotion_speech,08,0,surprise
1433,03-01-08-02-02-02-18.wav,1433,emotion_speech,08,1,surprise
1434,03-01-08-02-02-02-19.wav,1434,emotion_speech,08,0,surprise
1435,03-01-08-02-02-02-20.wav,1435,emotion_speech,08,1,surprise
1436,03-01-08-02-02-02-21.wav,1436,emotion_speech,08,0,surprise
1437,03-01-08-02-02-02-22.wav,1437,emotion_speech,08,1,surprise
1438,03-01-08-02-02-02-23.wav,1438,emotion_speech,08,0,surprise
1439,03-01-08-02-02-02-24.wav,1439,emotion_speech,08,1,surprise
